location,iso_code,date,total_vaccinations,people_vaccinated,people_fully_vaccinated,total_boosters,daily_vaccinations_raw,daily_vaccinations,total_vaccinations_per_hundred,people_vaccinated_per_hundred,people_fully_vaccinated_per_hundred,total_boosters_per_hundred,daily_vaccinations_per_million,daily_people_vaccinated,daily_people_vaccinated_per_hundred
South Korea,KOR,2021-02-26,50357,39176,11394,2,,,0.1,0.08,0.02,0.0,,,
South Korea,KOR,2021-02-27,52325,40922,11615,2,1968,1968,0.1,0.08,0.02,0.0,38,1746,0.003
South Korea,KOR,2021-02-28,53465,41948,11723,2,1140,1554,0.1,0.08,0.02,0.0,30,1386,0.003
South Korea,KOR,2021-03-01,55673,43876,11992,2,2208,1772,0.11,0.08,0.02,0.0,34,1567,0.003
South Korea,KOR,2021-03-02,122214,108696,12303,3,66541,17964,0.24,0.21,0.02,0.0,347,17380,0.034
South Korea,KOR,2021-03-03,191926,176833,12632,3,69712,28314,0.37,0.34,0.02,0.0,546,27531,0.053
South Korea,KOR,2021-03-04,263150,246872,13154,3,71224,35466,0.51,0.48,0.03,0.0,684,34616,0.067
South Korea,KOR,2021-03-05,334741,317804,13577,3,71591,40626,0.65,0.61,0.03,0.0,784,39804,0.077
South Korea,KOR,2021-03-06,353363,336281,13742,3,18622,43005,0.68,0.65,0.03,0.0,830,42194,0.081
South Korea,KOR,2021-03-07,355881,338726,13848,3,2518,43202,0.69,0.65,0.03,0.0,834,42397,0.082
South Korea,KOR,2021-03-08,424232,406588,14120,3,68351,52651,0.82,0.78,0.03,0.0,1016,51816,0.1
South Korea,KOR,2021-03-09,488978,470674,14599,3,64746,52395,0.94,0.91,0.03,0.0,1011,51711,0.1
South Korea,KOR,2021-03-10,544320,525569,15180,3,55342,50342,1.05,1.01,0.03,0.0,972,49819,0.096
South Korea,KOR,2021-03-11,590210,570964,15850,3,45890,46723,1.14,1.1,0.03,0.0,902,46299,0.089
South Korea,KOR,2021-03-12,629765,610152,16451,3,39555,42146,1.22,1.18,0.03,0.0,813,41764,0.081
South Korea,KOR,2021-03-13,634422,614674,16668,3,4657,40151,1.22,1.19,0.03,0.0,775,39770,0.077
South Korea,KOR,2021-03-14,636313,616490,16811,3,1891,40062,1.23,1.19,0.03,0.0,773,39681,0.077
South Korea,KOR,2021-03-15,650798,630679,18005,3,14485,32367,1.26,1.22,0.03,0.0,625,32013,0.062
South Korea,KOR,2021-03-16,671680,651208,19055,3,20882,26100,1.3,1.26,0.04,0.0,504,25791,0.05
South Korea,KOR,2021-03-17,693429,672627,19981,3,21749,21301,1.34,1.3,0.04,0.0,411,21008,0.041
South Korea,KOR,2021-03-18,714736,693403,20895,3,21307,17789,1.38,1.34,0.04,0.0,343,17491,0.034
South Korea,KOR,2021-03-19,733746,711991,21922,3,19010,14854,1.42,1.37,0.04,0.0,287,14548,0.028
South Korea,KOR,2021-03-20,736255,714009,22469,3,2509,14548,1.42,1.38,0.04,0.0,281,14191,0.027
South Korea,KOR,2021-03-21,737520,714866,22926,3,1265,14458,1.42,1.38,0.04,0.0,279,14054,0.027
South Korea,KOR,2021-03-22,743059,719752,23706,3,5539,13180,1.43,1.39,0.05,0.0,254,12725,0.025
South Korea,KOR,2021-03-23,765805,738358,25028,3,22746,13446,1.48,1.42,0.05,0.0,259,12450,0.024
South Korea,KOR,2021-03-24,796872,763131,26674,3,31067,14778,1.54,1.47,0.05,0.0,285,12929,0.025
South Korea,KOR,2021-03-25,832446,792394,28664,3,35574,16816,1.61,1.53,0.06,0.0,325,14142,0.027
South Korea,KOR,2021-03-26,860163,816554,30796,3,27717,18060,1.66,1.58,0.06,0.0,349,14938,0.029
South Korea,KOR,2021-03-27,863048,819027,31201,3,2885,18113,1.67,1.58,0.06,0.0,350,15003,0.029
South Korea,KOR,2021-03-28,864185,819921,31465,3,1137,18095,1.67,1.58,0.06,0.0,349,15008,0.029
South Korea,KOR,2021-03-29,892426,841377,32934,3,28241,21338,1.72,1.62,0.06,0.0,412,17375,0.034
South Korea,KOR,2021-03-30,924008,864751,35724,3,31582,22600,1.78,1.67,0.07,0.0,436,18056,0.035
South Korea,KOR,2021-03-31,953407,884446,41180,3,29399,22362,1.84,1.71,0.08,0.0,432,17331,0.033
South Korea,KOR,2021-04-01,999498,918362,49231,3,46091,23865,1.93,1.77,0.1,0.0,461,17995,0.035
South Korea,KOR,2021-04-02,1047447,956296,56961,3,47949,26755,2.02,1.85,0.11,0.0,516,19963,0.039
South Korea,KOR,2021-04-03,1058021,965539,57964,3,10574,27853,2.04,1.86,0.11,0.0,538,20930,0.04
South Korea,KOR,2021-04-04,1059560,966806,58273,4,1539,27911,2.04,1.87,0.11,0.0,539,20984,0.04
South Korea,KOR,2021-04-05,1098358,1001144,60065,4,38798,29419,2.12,1.93,0.12,0.0,568,22824,0.044
South Korea,KOR,2021-04-06,1145113,1037120,67641,4,46755,31586,2.21,2.0,0.13,0.0,610,24624,0.048
South Korea,KOR,2021-04-07,1194751,1073092,78972,4,49638,34478,2.31,2.07,0.15,0.0,665,26949,0.052
South Korea,KOR,2021-04-08,1245002,1109421,90991,4,50251,35072,2.4,2.14,0.18,0.0,677,27294,0.053
South Korea,KOR,2021-04-09,1289870,1143426,100927,4,44868,34632,2.49,2.21,0.19,0.0,668,26733,0.052
South Korea,KOR,2021-04-10,1302157,1153618,103270,5,12287,34877,2.51,2.23,0.2,0.0,673,26868,0.052
South Korea,KOR,2021-04-11,1303855,1154906,103776,5,1698,34899,2.52,2.23,0.2,0.0,674,26871,0.052
South Korea,KOR,2021-04-12,1345411,1192831,106312,5,41556,35293,2.6,2.3,0.21,0.0,681,27384,0.053
South Korea,KOR,2021-04-13,1392364,1235645,108168,5,46953,35322,2.69,2.38,0.21,0.0,682,28361,0.055
South Korea,KOR,2021-04-14,1440688,1279952,109226,5,48324,35134,2.78,2.47,0.21,0.0,678,29551,0.057
South Korea,KOR,2021-04-15,1535907,1368601,110225,5,95219,41558,2.96,2.64,0.21,0.0,802,37026,0.071
South Korea,KOR,2021-04-16,1641438,1467872,111598,5,105531,50224,3.17,2.83,0.22,0.0,969,46349,0.089
South Korea,KOR,2021-04-17,1672687,1496989,112332,5,31249,52933,3.23,2.89,0.22,0.0,1022,49053,0.095
South Korea,KOR,2021-04-18,1678810,1502510,112787,5,6123,53565,3.24,2.9,0.22,0.0,1034,49658,0.096
South Korea,KOR,2021-04-19,1802940,1620774,113746,5,124130,65361,3.48,3.13,0.22,0.0,1261,61135,0.118
South Korea,KOR,2021-04-20,1935808,1747278,114998,5,132868,77635,3.74,3.37,0.22,0.0,1498,73090,0.141
South Korea,KOR,2021-04-21,2070713,1875601,116527,5,134905,90004,4.0,3.62,0.22,0.0,1737,85093,0.164
South Korea,KOR,2021-04-22,2223238,2003703,135011,5,152525,98190,4.29,3.87,0.26,0.0,1895,90729,0.175
South Korea,KOR,2021-04-23,2404847,2160210,154711,5,181609,109058,4.64,4.17,0.3,0.0,2105,98905,0.191
South Korea,KOR,2021-04-24,2477547,2224700,161141,5,72700,114980,4.78,4.29,0.31,0.0,2219,103959,0.201
South Korea,KOR,2021-04-25,2485750,2231751,162125,5,8203,115277,4.8,4.31,0.31,0.0,2225,104177,0.201
South Korea,KOR,2021-04-26,2651358,2370104,183472,5,165608,121203,5.12,4.57,0.35,0.0,2339,107047,0.207
South Korea,KOR,2021-04-27,2851481,2541640,205264,5,200123,130810,5.5,4.91,0.4,0.0,2525,113480,0.219
South Korea,KOR,2021-04-28,3105255,2766739,225873,5,253774,147792,5.99,5.34,0.44,0.0,2852,127305,0.246
South Korea,KOR,2021-04-29,3398591,3021489,255496,5,293336,167908,6.56,5.83,0.49,0.0,3240,145398,0.281
South Korea,KOR,2021-04-30,3707969,3293045,285959,6,309378,186160,7.16,6.36,0.55,0.0,3593,161834,0.312
South Korea,KOR,2021-05-01,3757936,3333479,294514,6,49967,182913,7.25,6.43,0.57,0.0,3530,158397,0.306
South Korea,KOR,2021-05-02,3761718,3335949,295824,6,3782,182281,7.26,6.44,0.57,0.0,3518,157743,0.304
South Korea,KOR,2021-05-03,3880814,3421461,326454,6,119096,175637,7.49,6.6,0.63,0.0,3390,150194,0.29
South Korea,KOR,2021-05-04,3989645,3496053,357680,6,108831,162595,7.7,6.75,0.69,0.0,3138,136345,0.263
South Korea,KOR,2021-05-05,4023271,3503040,383012,7,33626,131145,7.76,6.76,0.74,0.0,2531,105186,0.203
South Korea,KOR,2021-05-06,4157188,3561899,453637,7,133917,108371,8.02,6.87,0.88,0.0,2091,77201,0.149
South Korea,KOR,2021-05-07,4285118,3611182,527835,7,127930,82450,8.27,6.97,1.02,0.0,1591,45448,0.088
South Korea,KOR,2021-05-08,4327600,3624733,555326,7,42482,81381,8.35,7.0,1.07,0.0,1571,41608,0.08
South Korea,KOR,2021-05-09,4334199,3625780,560776,7,6599,81783,8.36,7.0,1.08,0.0,1578,41404,0.08
South Korea,KOR,2021-05-10,4428007,3641198,635245,7,93808,78170,8.55,7.03,1.23,0.0,1509,31391,0.061
South Korea,KOR,2021-05-11,4519777,3651559,712794,7,91770,75733,8.72,7.05,1.38,0.0,1462,22215,0.043
South Korea,KOR,2021-05-12,4611466,3659588,792469,7,91689,84028,8.9,7.06,1.53,0.0,1622,22364,0.043
South Korea,KOR,2021-05-13,4701168,3670436,867687,7,89702,77711,9.07,7.08,1.67,0.0,1500,15505,0.03
South Korea,KOR,2021-05-14,4795474,3683558,945287,7,94306,72908,9.25,7.11,1.82,0.0,1407,10339,0.02
South Korea,KOR,2021-05-15,4829727,3686709,975098,8,34253,71732,9.32,7.12,1.88,0.0,1384,8854,0.017
South Korea,KOR,2021-05-16,4837101,3688329,980722,8,7374,71843,9.34,7.12,1.89,0.0,1387,8936,0.017
South Korea,KOR,2021-05-17,4952973,3703120,1077266,8,115872,74995,9.56,7.15,2.08,0.0,1447,8846,0.017
South Korea,KOR,2021-05-18,5108932,3716784,1214019,8,155959,84165,9.86,7.17,2.34,0.0,1624,9318,0.018
South Korea,KOR,2021-05-19,5206194,3720619,1303496,8,97262,84961,10.05,7.18,2.52,0.0,1640,8719,0.017
South Korea,KOR,2021-05-20,5431135,3734292,1506563,8,224941,104281,10.48,7.21,2.91,0.0,2013,9122,0.018
South Korea,KOR,2021-05-21,5672962,3750169,1725389,8,241827,125355,10.95,7.24,3.33,0.0,2419,9516,0.018
South Korea,KOR,2021-05-22,5716079,3756541,1761213,8,43117,126622,11.03,7.25,3.4,0.0,2444,9976,0.019
South Korea,KOR,2021-05-23,5720375,3757625,1764362,8,4296,126182,11.04,7.25,3.41,0.0,2435,9899,0.019
South Korea,KOR,2021-05-24,5898177,3826854,1866798,10,177802,135029,11.38,7.39,3.6,0.0,2606,17676,0.034
South Korea,KOR,2021-05-25,6072067,3902968,1959044,10,173890,137591,11.72,7.53,3.78,0.0,2655,26598,0.051
South Korea,KOR,2021-05-26,6229612,3988113,2026534,11,157545,146203,12.02,7.7,3.91,0.0,2822,38213,0.074
South Korea,KOR,2021-05-27,6947629,4641224,2082100,11,718017,216642,13.41,8.96,4.02,0.0,4181,129562,0.25
South Korea,KOR,2021-05-28,7559286,5179746,2147592,11,611657,269475,14.59,10.0,4.14,0.0,5201,204225,0.394
South Korea,KOR,2021-05-29,7735098,5344265,2157193,12,175812,288431,14.93,10.31,4.16,0.0,5566,226818,0.438
South Korea,KOR,2021-05-30,7742053,5350571,2157881,13,6955,288811,14.94,10.33,4.16,0.0,5574,227564,0.439
South Korea,KOR,2021-05-31,8157320,5731333,2185321,15,415267,322735,15.74,11.06,4.22,0.0,6229,272068,0.525
South Korea,KOR,2021-06-01,8753045,6291306,2212157,17,595725,382997,16.89,12.14,4.27,0.0,7392,341191,0.658
South Korea,KOR,2021-06-02,9160473,6668448,2235511,18,407428,418694,17.68,12.87,4.31,0.0,8080,382905,0.739
South Korea,KOR,2021-06-03,9532430,7007778,2261826,19,371957,369257,18.4,13.52,4.37,0.0,7126,338079,0.652
South Korea,KOR,2021-06-04,9934144,7372798,2293034,21,401714,339265,19.17,14.23,4.43,0.0,6548,313293,0.605
South Korea,KOR,2021-06-05,10079107,7512634,2296644,22,144963,334858,19.45,14.5,4.43,0.0,6462,309767,0.598
South Korea,KOR,2021-06-06,10083912,7516658,2297464,23,4805,334551,19.46,14.51,4.43,0.0,6457,309441,0.597
South Korea,KOR,2021-06-07,10999889,8401693,2318205,24,915977,406081,21.23,16.21,4.47,0.0,7837,381480,0.736
South Korea,KOR,2021-06-08,11772996,9139055,2342770,27,773107,431422,22.72,17.64,4.52,0.0,8326,406821,0.785
South Korea,KOR,2021-06-09,12392172,9725435,2364937,28,619176,461671,23.92,18.77,4.56,0.0,8910,436712,0.843
South Korea,KOR,2021-06-10,13196355,10486186,2650559,29,804183,523418,25.47,20.24,5.12,0.0,10102,496915,0.959
South Korea,KOR,2021-06-11,14060612,11307603,2887190,30,864257,589495,27.14,21.82,5.57,0.0,11377,562115,1.085
South Korea,KOR,2021-06-12,14457197,11695434,3007899,31,396585,625441,27.9,22.57,5.8,0.0,12070,597543,1.153
South Korea,KOR,2021-06-13,14487421,11723927,3021356,33,30224,629073,27.96,22.63,5.83,0.0,12141,601038,1.16
South Korea,KOR,2021-06-14,15343790,12488919,3273424,36,856369,620557,29.61,24.1,6.32,0.0,11976,583889,1.127
South Korea,KOR,2021-06-15,16088588,13132652,3475488,36,744798,616513,31.05,25.34,6.71,0.0,11898,570514,1.101
South Korea,KOR,2021-06-16,16763126,13698806,3750809,37,674538,624422,32.35,26.44,7.24,0.0,12051,567624,1.095
South Korea,KOR,2021-06-17,17311443,14139838,3874540,38,548317,587870,33.41,27.29,7.48,0.0,11345,521950,1.007
South Korea,KOR,2021-06-18,17948137,14675137,3999229,39,636694,555361,34.64,28.32,7.72,0.0,10718,481076,0.928
South Korea,KOR,2021-06-19,18184066,14891347,4036200,40,235929,532410,35.09,28.74,7.79,0.0,10275,456559,0.881
South Korea,KOR,2021-06-20,18187621,14892876,4038709,40,3555,528600,35.1,28.74,7.79,0.0,10202,452707,0.874
South Korea,KOR,2021-06-21,18351270,14941399,4150530,41,163649,429640,35.42,28.84,8.01,0.0,8292,350354,0.676
South Korea,KOR,2021-06-22,18525247,14991113,4269989,44,173977,348094,35.75,28.93,8.24,0.0,6718,265494,0.512
South Korea,KOR,2021-06-23,18690657,15036328,4384507,45,165410,275362,36.07,29.02,8.46,0.0,5314,191075,0.369
South Korea,KOR,2021-06-24,18846196,15083255,4487902,46,155539,219250,36.37,29.11,8.66,0.0,4231,134774,0.26
South Korea,KOR,2021-06-25,19009752,15148552,4582001,47,163556,151659,36.69,29.24,8.84,0.0,2927,67631,0.131
South Korea,KOR,2021-06-26,19047380,15161101,4606295,47,37628,123331,36.76,29.26,8.89,0.0,2380,38536,0.074
South Korea,KOR,2021-06-27,19050317,15162046,4608384,47,2937,123242,36.77,29.26,8.89,0.0,2378,38453,0.074
South Korea,KOR,2021-06-28,19210078,15176596,4748597,48,159761,122687,37.07,29.29,9.16,0.0,2368,33600,0.065
South Korea,KOR,2021-06-29,19374157,15195167,4888554,49,164079,121273,37.39,29.33,9.43,0.0,2340,29151,0.056
South Korea,KOR,2021-06-30,19528530,15212009,5021096,50,154373,119696,37.69,29.36,9.69,0.0,2310,25097,0.048
South Korea,KOR,2021-07-01,19656844,15219367,5138897,51,128314,115807,37.94,29.37,9.92,0.0,2235,19445,0.038
South Korea,KOR,2021-07-02,19786359,15227627,5257591,51,129515,110944,38.19,29.39,10.15,0.0,2141,11296,0.022
South Korea,KOR,2021-07-03,19807668,15231133,5275104,53,21309,108613,38.23,29.39,10.18,0.0,2096,10005,0.019
South Korea,KOR,2021-07-04,19810340,15232583,5276375,53,2672,108575,38.23,29.4,10.18,0.0,2095,10077,0.019
South Korea,KOR,2021-07-05,19945128,15289223,5353284,53,134788,105007,38.49,29.51,10.33,0.0,2027,16090,0.031
South Korea,KOR,2021-07-06,20078420,15330017,5444158,55,133292,100609,38.75,29.59,10.51,0.0,1942,19264,0.037
South Korea,KOR,2021-07-07,20206639,15367421,5533494,57,128219,96873,39.0,29.66,10.68,0.0,1870,22202,0.043
South Korea,KOR,2021-07-08,20355091,15407751,5640084,61,148452,99750,39.28,29.74,10.88,0.0,1925,26912,0.052
South Korea,KOR,2021-07-09,20565991,15467902,5789601,64,210900,111376,39.69,29.85,11.17,0.0,2149,34325,0.066
South Korea,KOR,2021-07-10,20620963,15482218,5830179,68,54972,116185,39.8,29.88,11.25,0.0,2242,35869,0.069
South Korea,KOR,2021-07-11,20624381,15483779,5832094,70,3418,116292,39.8,29.88,11.26,0.0,2244,35885,0.069
South Korea,KOR,2021-07-12,20752526,15516267,5926367,80,128145,115343,40.05,29.95,11.44,0.0,2226,32435,0.063
South Korea,KOR,2021-07-13,20973975,15625795,6036789,82,221449,127936,40.48,30.16,11.65,0.0,2469,42254,0.082
South Korea,KOR,2021-07-14,21211687,15739204,6159605,90,237712,143578,40.94,30.38,11.89,0.0,2771,53112,0.103
South Korea,KOR,2021-07-15,21480868,15863629,6303059,99,269181,160825,41.46,30.62,12.16,0.0,3104,65125,0.126
South Korea,KOR,2021-07-16,21803528,15999839,6488243,101,322660,176791,42.08,30.88,12.52,0.0,3412,75991,0.147
South Korea,KOR,2021-07-17,21877402,16035569,6526235,107,73874,179491,42.22,30.95,12.6,0.0,3464,79050,0.153
South Korea,KOR,2021-07-18,21882169,16038895,6527724,109,4767,179684,42.23,30.95,12.6,0.0,3468,79302,0.153
South Korea,KOR,2021-07-19,22116804,16200242,6599933,112,234635,194897,42.68,31.27,12.74,0.0,3761,97711,0.189
South Korea,KOR,2021-07-20,22332134,16352162,6662185,113,215330,194023,43.1,31.56,12.86,0.0,3744,103767,0.2
South Korea,KOR,2021-07-21,22515179,16493104,6703521,113,183045,186213,43.45,31.83,12.94,0.0,3594,107700,0.208
South Korea,KOR,2021-07-22,22719169,16634896,6765053,115,203990,176900,43.85,32.1,13.06,0.0,3414,110181,0.213
South Korea,KOR,2021-07-23,22929554,16782720,6827088,118,210385,160861,44.25,32.39,13.18,0.0,3104,111840,0.216
South Korea,KOR,2021-07-24,22972834,16813008,6840083,120,43280,156490,44.34,32.45,13.2,0.0,3020,111063,0.214
South Korea,KOR,2021-07-25,22976534,16815338,6841548,123,3700,156338,44.34,32.45,13.2,0.0,3017,110920,0.214
South Korea,KOR,2021-07-26,23664308,17434342,6908577,131,687774,221072,45.67,33.65,13.33,0.0,4266,176300,0.34
South Korea,KOR,2021-07-27,24098552,17816881,6959062,137,434244,252345,46.51,34.39,13.43,0.0,4870,209246,0.404
South Korea,KOR,2021-07-28,24624789,18297560,7003559,148,526237,301373,47.52,35.31,13.52,0.0,5816,257779,0.497
South Korea,KOR,2021-07-29,25019518,18646185,7048838,158,394729,328621,48.29,35.99,13.6,0.0,6342,287327,0.555
South Korea,KOR,2021-07-30,25580635,19144096,7110866,166,561117,378726,49.37,36.95,13.72,0.0,7309,337339,0.651
South Korea,KOR,2021-07-31,25812578,19360593,7126005,174,231943,405678,49.82,37.36,13.75,0.0,7829,363941,0.702
South Korea,KOR,2021-08-01,25842962,19389271,7127722,181,30384,409490,49.87,37.42,13.76,0.0,7903,367705,0.71
South Korea,KOR,2021-08-02,26359541,19866308,7165494,193,516579,385033,50.87,38.34,13.83,0.0,7431,347424,0.67
South Korea,KOR,2021-08-03,26690807,20087641,7274238,207,331266,370322,51.51,38.77,14.04,0.0,7147,324394,0.626
South Korea,KOR,2021-08-04,26970690,20254658,7385923,226,279883,335129,52.05,39.09,14.25,0.0,6468,279585,0.54
South Korea,KOR,2021-08-05,27294969,20449209,7514196,232,324279,325064,52.68,39.47,14.5,0.0,6273,257575,0.497
South Korea,KOR,2021-08-06,27710934,20706374,7671512,237,415965,304328,53.48,39.96,14.81,0.0,5873,223183,0.431
South Korea,KOR,2021-08-07,27871300,20829142,7708843,246,160366,294103,53.79,40.2,14.88,0.0,5676,209793,0.405
South Korea,KOR,2021-08-08,27903526,20857896,7712303,255,32226,294366,53.85,40.25,14.88,0.0,5681,209804,0.405
South Korea,KOR,2021-08-09,28517450,21293565,7887381,281,613924,308273,55.04,41.09,15.22,0.0,5949,203894,0.393
South Korea,KOR,2021-08-10,28953907,21556814,8057753,304,436457,323300,55.88,41.6,15.55,0.0,6239,209882,0.405
South Korea,KOR,2021-08-11,29298585,21735049,8221858,329,344678,332556,56.54,41.95,15.87,0.0,6418,211484,0.408
South Korea,KOR,2021-08-12,30176957,21904185,8924159,352,878372,411713,58.24,42.27,17.22,0.0,7946,207854,0.401
South Korea,KOR,2021-08-13,31044211,22148097,9542173,368,867254,476182,59.91,42.74,18.42,0.0,9190,205960,0.397
South Korea,KOR,2021-08-14,31372097,22291979,9724806,387,327886,500114,60.55,43.02,18.77,0.0,9652,208977,0.403
South Korea,KOR,2021-08-15,31397602,22311081,9731168,416,25505,499154,60.59,43.06,18.78,0.0,9633,207598,0.401
South Korea,KOR,2021-08-16,32328839,22982290,9987389,457,931237,544484,62.39,44.35,19.27,0.0,10508,241246,0.466
South Korea,KOR,2021-08-17,33552634,23706229,10480255,496,1223795,656961,64.75,45.75,20.23,0.0,12679,307059,0.593
South Korea,KOR,2021-08-18,34399086,24229104,10798709,539,846452,728643,66.39,46.76,20.84,0.0,14062,356294,0.688
South Korea,KOR,2021-08-19,35200396,24733771,11091272,590,801310,717634,67.93,47.73,21.41,0.0,13850,404227,0.78
South Korea,KOR,2021-08-20,36227454,25424429,11423588,621,1027058,740463,69.92,49.07,22.05,0.0,14290,468047,0.903
South Korea,KOR,2021-08-21,36718238,25789628,11547681,669,490784,763734,70.86,49.77,22.29,0.0,14739,499664,0.964
South Korea,KOR,2021-08-22,36762084,25830365,11550723,697,43846,766355,70.95,49.85,22.29,0.0,14790,502755,0.97
South Korea,KOR,2021-08-23,37867166,26218181,12266878,737,1105082,791190,73.08,50.6,23.67,0.0,15269,462270,0.892
South Korea,KOR,2021-08-24,38870103,26622983,12868451,805,1002937,759638,75.02,51.38,24.83,0.0,14660,416679,0.804
South Korea,KOR,2021-08-25,39717231,27000275,13344624,854,847128,759735,76.65,52.11,25.75,0.0,14662,395882,0.764
South Korea,KOR,2021-08-26,40789895,27653684,13769042,908,1072664,798500,78.72,53.37,26.57,0.0,15410,417130,0.805
South Korea,KOR,2021-08-27,41938627,28256148,14318283,959,1148732,815882,80.94,54.53,27.63,0.0,15746,404531,0.781
South Korea,KOR,2021-08-28,42466267,28532745,14573849,998,527640,821147,81.96,55.07,28.13,0.0,15847,391874,0.756
South Korea,KOR,2021-08-29,42497290,28549447,14590343,1032,31023,819315,82.02,55.1,28.16,0.0,15812,388440,0.75
South Korea,KOR,2021-08-30,43478752,28939130,15186706,1092,981462,801655,83.91,55.85,29.31,0.0,15471,388707,0.75
South Korea,KOR,2021-08-31,44243068,29186953,15714263,1161,764316,767566,85.39,56.33,30.33,0.0,14813,366281,0.707
South Korea,KOR,2021-09-01,44941181,29365721,16247391,1239,698113,746279,86.73,56.67,31.36,0.0,14403,337921,0.652
South Korea,KOR,2021-09-02,45610898,29552210,16745567,1340,669717,688715,88.03,57.03,32.32,0.0,13292,271218,0.523
South Korea,KOR,2021-09-03,46528701,29785946,17442836,1395,917803,655725,89.8,57.48,33.66,0.0,12655,218543,0.422
South Korea,KOR,2021-09-04,46900736,29905218,17703453,1426,372035,633496,90.51,57.71,34.17,0.0,12226,196068,0.378
South Korea,KOR,2021-09-05,46916025,29914239,17712324,1444,15289,631248,90.54,57.73,34.18,0.0,12183,194970,0.376
South Korea,KOR,2021-09-06,48286973,30657664,18346336,1497,1370948,686889,93.19,59.17,35.41,0.0,13256,245505,0.474
South Korea,KOR,2021-09-07,49273180,31232140,18767392,1567,986207,718587,95.09,60.28,36.22,0.0,13868,292170,0.564
South Korea,KOR,2021-09-08,49956003,31618205,19074730,1629,682823,716403,96.41,61.02,36.81,0.0,13826,321783,0.621
South Korea,KOR,2021-09-09,50678442,32058443,19367052,1689,722439,723935,97.8,61.87,37.38,0.0,13971,358033,0.691
South Korea,KOR,2021-09-10,51740455,32711450,19785141,1764,1062013,744536,99.85,63.13,38.18,0.0,14369,417929,0.807
South Korea,KOR,2021-09-11,52273189,33040346,19998058,1808,532734,767493,100.88,63.76,38.59,0.0,14812,447875,0.864
South Korea,KOR,2021-09-12,52318895,33062794,20024236,1828,45706,771839,100.97,63.81,38.65,0.0,14896,449794,0.868
South Korea,KOR,2021-09-13,53564250,33890252,20446985,1892,1245355,753897,103.37,65.41,39.46,0.0,14550,461798,0.891
South Korea,KOR,2021-09-14,54382516,34492086,20671843,1973,818266,729905,104.95,66.57,39.89,0.0,14087,465707,0.899
South Korea,KOR,2021-09-15,55190583,34868448,21111157,2048,808067,747797,106.51,67.29,40.74,0.0,14432,464320,0.896
South Korea,KOR,2021-09-16,55926828,35299138,21424839,2107,736245,749769,107.93,68.12,41.35,0.0,14470,462956,0.893
South Korea,KOR,2021-09-17,57023008,35960077,21869927,2171,1096180,754650,110.05,69.4,42.21,0.0,14564,464090,0.896
South Korea,KOR,2021-09-18,57602433,36352761,22060844,2215,579425,761321,111.17,70.16,42.58,0.0,14693,473202,0.913
South Korea,KOR,2021-09-19,57650395,36374433,22087280,2237,47962,761643,111.26,70.2,42.63,0.0,14699,473091,0.913
South Korea,KOR,2021-09-20,57695598,36404820,22102081,2285,45203,590193,111.35,70.26,42.66,0.0,11390,359224,0.693
South Korea,KOR,2021-09-21,57707747,36411843,22107230,2333,12149,475033,111.37,70.27,42.67,0.0,9168,274251,0.529
South Korea,KOR,2021-09-22,57752670,36439946,22124146,2397,44923,366012,111.46,70.33,42.7,0.0,7064,224500,0.433
South Korea,KOR,2021-09-23,58688243,37001551,22501359,2475,935573,394488,113.26,71.41,43.43,0.0,7613,243202,0.469
South Korea,KOR,2021-09-24,59717962,37618639,22916931,2545,1029719,384993,115.25,72.6,44.23,0.0,7430,236937,0.457
South Korea,KOR,2021-09-25,60247412,37932124,23133131,2604,529450,377854,116.27,73.21,44.64,0.01,7292,225623,0.435
South Korea,KOR,2021-09-26,60297927,37958860,23157574,2650,50515,378219,116.37,73.26,44.69,0.01,7299,226347,0.437
South Korea,KOR,2021-09-27,61425278,38376094,23868956,2760,1127351,532811,118.55,74.06,46.07,0.01,10283,281611,0.543
South Korea,KOR,2021-09-28,62371771,38633705,24558888,2864,946493,666289,120.37,74.56,47.4,0.01,12859,317409,0.613
South Korea,KOR,2021-09-29,63127705,38865478,25085331,3012,755934,767862,121.83,75.01,48.41,0.01,14819,346505,0.669
South Korea,KOR,2021-09-30,64012569,39209778,25627350,3139,884864,760618,123.54,75.67,49.46,0.01,14679,315461,0.609
South Korea,KOR,2021-10-01,65110220,39446504,26488125,3305,1097651,770323,125.66,76.13,51.12,0.01,14867,261124,0.504
South Korea,KOR,2021-10-02,65641361,39571284,26895412,3379,531141,770564,126.68,76.37,51.91,0.01,14871,234166,0.452
South Korea,KOR,2021-10-03,65678755,39574902,26929173,3443,37394,768690,126.75,76.38,51.97,0.01,14835,230863,0.446
South Korea,KOR,2021-10-04,65915475,39600716,27139586,3589,236720,641457,127.21,76.43,52.38,0.01,12380,174946,0.338
South Korea,KOR,2021-10-05,66726223,39646106,27904408,3738,810748,622065,128.78,76.51,53.85,0.01,12005,144629,0.279
South Korea,KOR,2021-10-06,67273387,39683431,28414466,3884,547164,592240,129.83,76.59,54.84,0.01,11430,116850,0.226
South Korea,KOR,2021-10-07,68020644,39720498,29124306,4010,747257,572582,131.27,76.66,56.21,0.01,11050,72960,0.141
South Korea,KOR,2021-10-08,69164868,39765892,30222369,4139,1144224,579235,133.48,76.74,58.33,0.01,11179,45627,0.088
South Korea,KOR,2021-10-09,69280417,39777068,30326886,4257,115549,519865,133.71,76.77,58.53,0.01,10033,29398,0.057
South Korea,KOR,2021-10-10,69301687,39780000,30345452,4330,21270,517562,133.75,76.77,58.56,0.01,9988,29300,0.057
South Korea,KOR,2021-10-11,69562629,39873357,30512174,4456,260942,521022,134.25,76.95,58.89,0.01,10055,38949,0.075
South Korea,KOR,2021-10-12,70270805,39979330,31112697,5343,708176,506369,135.62,77.16,60.04,0.01,9772,47603,0.092
South Korea,KOR,2021-10-13,70740965,40036895,31523824,6866,470160,495368,136.52,77.27,60.84,0.01,9560,50495,0.097
South Korea,KOR,2021-10-14,71255754,40091933,31981480,8763,514789,462159,137.52,77.37,61.72,0.02,8919,53062,0.102
South Korea,KOR,2021-10-15,72068245,40181492,32702257,11248,812491,414768,139.09,77.55,63.11,0.02,8005,59371,0.115
South Korea,KOR,2021-10-16,72488304,40245927,33057812,11456,420059,458270,139.9,77.67,63.8,0.02,8844,66980,0.129
South Korea,KOR,2021-10-17,72510009,40248013,33077864,11529,21705,458332,139.94,77.68,63.84,0.02,8845,66859,0.129
South Korea,KOR,2021-10-18,73214114,40320027,33708231,13153,704105,521641,141.3,77.81,65.05,0.03,10067,63810,0.123
South Korea,KOR,2021-10-19,73700953,40357596,34154924,15371,486839,490021,142.24,77.89,65.92,0.03,9457,54038,0.104
South Korea,KOR,2021-10-20,74098524,40426714,34478786,19852,397571,479651,143.0,78.02,66.54,0.04,9257,55688,0.107
South Korea,KOR,2021-10-21,74573346,40486575,34887602,25862,474822,473942,143.92,78.14,67.33,0.05,9147,56377,0.109
South Korea,KOR,2021-10-22,75279648,40552817,35521674,32249,706302,458772,145.28,78.26,68.55,0.06,8854,53046,0.102
South Korea,KOR,2021-10-23,75666369,40604504,35856026,33001,386721,454009,146.03,78.36,69.2,0.06,8762,51225,0.099
South Korea,KOR,2021-10-24,75687126,40608470,35873217,33129,20757,453874,146.07,78.37,69.23,0.06,8759,51494,0.099
South Korea,KOR,2021-10-25,76208196,40687033,36306477,42499,521070,427726,147.08,78.52,70.07,0.08,8255,52429,0.101
South Korea,KOR,2021-10-26,76543879,40728319,36587757,55806,335683,406132,147.72,78.6,70.61,0.11,7838,52960,0.102
South Korea,KOR,2021-10-27,76893980,40806066,36846500,69468,350101,399351,148.4,78.75,71.11,0.13,7707,54193,0.105
South Korea,KOR,2021-10-28,77591156,40869357,37470001,79473,697176,431116,149.74,78.87,72.31,0.15,8320,54683,0.106
South Korea,KOR,2021-10-29,78364646,40930108,38172008,90127,773490,440714,151.24,78.99,73.67,0.17,8505,53899,0.104
South Korea,KOR,2021-10-30,78763647,40966770,38530759,93749,399001,442468,152.01,79.06,74.36,0.18,8539,51752,0.1
South Korea,KOR,2021-10-31,78788341,40969846,38552271,94124,24694,443031,152.05,79.07,74.4,0.18,8550,51625,0.1
South Korea,KOR,2021-11-01,79026172,41053162,38671843,129134,237831,402568,152.51,79.23,74.63,0.25,7769,52304,0.101
South Korea,KOR,2021-11-02,79214197,41095859,38759715,186373,188025,381474,152.88,79.31,74.8,0.36,7362,52506,0.101
South Korea,KOR,2021-11-03,79413708,41160992,38836118,244394,199511,359961,153.26,79.44,74.95,0.47,6947,50704,0.098
South Korea,KOR,2021-11-04,79644639,41221776,38960732,290060,230931,293355,153.71,79.55,75.19,0.56,5661,50346,0.097
South Korea,KOR,2021-11-05,79938394,41293410,39123672,349249,293755,224821,154.27,79.69,75.51,0.67,4339,51900,0.1
South Korea,KOR,2021-11-06,80069847,41339037,39186957,371837,131453,186600,154.53,79.78,75.63,0.72,3601,53181,0.103
South Korea,KOR,2021-11-07,80077421,41341315,39191526,372686,7574,184154,154.54,79.79,75.64,0.72,3554,53067,0.102
South Korea,KOR,2021-11-08,80543603,41458266,39355430,557728,466182,216776,155.44,80.01,75.95,1.08,4184,57872,0.112
South Korea,KOR,2021-11-09,80818008,41504452,39481213,659425,274405,229116,155.97,80.1,76.2,1.27,4422,58370,0.113
South Korea,KOR,2021-11-10,81091179,41573362,39588722,755911,273171,239639,156.5,80.23,76.4,1.46,4625,58910,0.114
South Korea,KOR,2021-11-11,81373671,41637867,39697656,864768,282492,247005,157.04,80.36,76.61,1.67,4767,59442,0.115
South Korea,KOR,2021-11-12,81747715,41716586,39847392,1010138,374044,258474,157.77,80.51,76.9,1.95,4988,60454,0.117
South Korea,KOR,2021-11-13,81955965,41772175,39948743,1061303,208250,269445,158.17,80.62,77.1,2.05,5200,61877,0.119
South Korea,KOR,2021-11-14,81964211,41774591,39952201,1063730,8246,269541,158.18,80.62,77.1,2.05,5202,61897,0.119
South Korea,KOR,2021-11-15,82281530,41837082,40041209,1229352,317319,248275,158.8,80.74,77.28,2.37,4791,54117,0.104
South Korea,KOR,2021-11-16,82505734,41871054,40089089,1371651,224204,241104,159.23,80.81,77.37,2.65,4653,52372,0.101
South Korea,KOR,2021-11-17,82754993,41916939,40156127,1507907,249259,237688,159.71,80.9,77.5,2.91,4587,49082,0.095
South Korea,KOR,2021-11-18,82993107,41962258,40217016,1639645,238114,231348,160.17,80.98,77.62,3.16,4465,46342,0.089
South Korea,KOR,2021-11-19,83277826,42012227,40295021,1796229,284719,218587,160.72,81.08,77.77,3.47,4219,42234,0.082
South Korea,KOR,2021-11-20,83386937,42039419,40334262,1838901,109111,204425,160.93,81.13,77.84,3.55,3945,38178,0.074
South Korea,KOR,2021-11-21,83392990,42040913,40336629,1841176,6053,204111,160.94,81.14,77.85,3.55,3939,38046,0.073
South Korea,KOR,2021-11-22,83682400,42090465,40424976,1992510,289410,200124,161.5,81.23,78.02,3.85,3862,36198,0.07
South Korea,KOR,2021-11-23,83902615,42119104,40469198,2139585,220215,199554,161.92,81.29,78.1,4.13,3851,35436,0.068
South Korea,KOR,2021-11-24,84173444,42166166,40530973,2301249,270829,202636,162.45,81.38,78.22,4.44,3911,35604,0.069
South Korea,KOR,2021-11-25,84495959,42214503,40598550,2507398,322515,214693,163.07,81.47,78.35,4.84,4143,36035,0.07
South Korea,KOR,2021-11-26,84938824,42270631,40686472,2805731,442865,237285,163.92,81.58,78.52,5.41,4579,36915,0.071
South Korea,KOR,2021-11-27,85090749,42303306,40732659,2878745,151925,243402,164.22,81.64,78.61,5.56,4697,37698,0.073
South Korea,KOR,2021-11-28,85096784,42304372,40734764,2881669,6035,243399,164.23,81.64,78.61,5.56,4697,37637,0.073
South Korea,KOR,2021-11-29,85417132,42335496,40841381,3063916,320348,247819,164.85,81.7,78.82,5.91,4783,35004,0.068
South Korea,KOR,2021-11-30,85680781,42357426,40890662,3256073,263649,254024,165.36,81.75,78.92,6.28,4902,34046,0.066
South Korea,KOR,2021-12-01,85935557,42381460,40956788,3420388,254776,251730,165.85,81.79,79.04,6.6,4858,30756,0.059
South Korea,KOR,2021-12-02,86204422,42404256,41018022,3604865,268865,244066,166.37,81.84,79.16,6.96,4710,27108,0.052
South Korea,KOR,2021-12-03,86613779,42438724,41109441,3888053,409357,239279,167.16,81.9,79.34,7.5,4618,24013,0.046
South Korea,KOR,2021-12-04,86786567,42460424,41162914,3985621,172788,242260,167.49,81.94,79.44,7.69,4675,22445,0.043
South Korea,KOR,2021-12-05,86794544,42462228,41165058,3989696,7977,242537,167.51,81.95,79.44,7.7,4681,22551,0.044
South Korea,KOR,2021-12-06,87204119,42514766,41231588,4279947,409575,255284,168.3,82.05,79.57,8.26,4927,25610,0.049
South Korea,KOR,2021-12-07,87581272,42552762,41274057,4576139,377153,271499,169.02,82.12,79.66,8.83,5240,27905,0.054
South Korea,KOR,2021-12-08,87987179,42598750,41326195,4883436,405907,293089,169.81,82.21,79.76,9.42,5656,31041,0.06
South Korea,KOR,2021-12-09,88538276,42644224,41381657,5333148,551097,333408,170.87,82.3,79.86,10.29,6434,34281,0.066
South Korea,KOR,2021-12-10,89440726,42695910,41457461,6107689,902450,403850,172.61,82.4,80.01,11.79,7794,36741,0.071
South Korea,KOR,2021-12-11,89782676,42722160,41492336,6388479,341950,428016,173.27,82.45,80.08,12.33,8260,37391,0.072
South Korea,KOR,2021-12-12,89795330,42724302,41493938,6397404,12654,428684,173.3,82.45,80.08,12.35,8273,37439,0.072
South Korea,KOR,2021-12-13,90725476,42801425,41557356,7186645,930146,503051,175.09,82.6,80.2,13.87,9708,40951,0.079
South Korea,KOR,2021-12-14,91634741,42856613,41601424,7995973,909265,579067,176.85,82.71,80.29,15.43,11175,43407,0.084
South Korea,KOR,2021-12-15,92715914,42944537,41659531,8930453,1081173,675534,178.93,82.88,80.4,17.23,13037,49398,0.095
South Korea,KOR,2021-12-16,93799034,43042655,41721654,9852645,1083120,751537,181.02,83.07,80.52,19.01,14504,56919,0.11
South Korea,KOR,2021-12-17,95181076,43150395,41802277,11045664,1382042,820050,183.69,83.28,80.67,21.32,15826,64926,0.125
South Korea,KOR,2021-12-18,95825383,43219962,41843116,11579430,644307,863244,184.93,83.41,80.75,22.35,16660,71115,0.137
South Korea,KOR,2021-12-19,95863664,43226028,41845014,11609760,38281,866905,185.01,83.42,80.76,22.41,16731,71675,0.138
South Korea,KOR,2021-12-20,96892614,43347723,41898455,12462853,1028950,881020,186.99,83.66,80.86,24.05,17003,78043,0.151
South Korea,KOR,2021-12-21,97703749,43422452,41936485,13160426,811135,867001,188.56,83.8,80.93,25.4,16732,80834,0.156
South Korea,KOR,2021-12-22,98459943,43513200,41975536,13785975,756194,820576,190.02,83.98,81.01,26.61,15836,81238,0.157
South Korea,KOR,2021-12-23,99176648,43593507,42009942,14387159,716705,768231,191.4,84.13,81.08,27.77,14826,78693,0.152
South Korea,KOR,2021-12-24,100101741,43672707,42053397,15189000,925093,702952,193.19,84.28,81.16,29.31,13566,74616,0.144
South Korea,KOR,2021-12-25,100177829,43682973,42058504,15249696,76088,621778,193.33,84.3,81.17,29.43,12000,66144,0.128
South Korea,KOR,2021-12-26,100208937,43686506,42060291,15275483,31108,620753,193.39,84.31,81.17,29.48,11980,65783,0.127
South Korea,KOR,2021-12-27,101114741,43762651,42125057,16039816,905804,603161,195.14,84.46,81.3,30.96,11640,59275,0.114
South Korea,KOR,2021-12-28,101826096,43808606,42168498,16660882,711355,588907,196.52,84.55,81.38,32.15,11365,55165,0.106
South Korea,KOR,2021-12-29,102462212,43857832,42214835,17200712,636116,571753,197.74,84.64,81.47,33.2,11034,49233,0.095
South Korea,KOR,2021-12-30,103104759,43904987,42260816,17749439,642547,561159,198.98,84.73,81.56,34.25,10830,44497,0.086
South Korea,KOR,2021-12-31,103955630,43958869,42319015,18487659,850871,550556,200.63,84.84,81.67,35.68,10625,40880,0.079
South Korea,KOR,2022-01-01,103999524,43963149,42323989,18522299,43894,545956,200.71,84.85,81.68,35.75,10536,40025,0.077
South Korea,KOR,2022-01-02,104021841,43965267,42326464,18540027,22317,544701,200.75,84.85,81.69,35.78,10512,39823,0.077
South Korea,KOR,2022-01-03,104632345,44005708,42405697,19030374,610504,502515,201.93,84.93,81.84,36.73,9698,34722,0.067
South Korea,KOR,2022-01-04,105081854,44032365,42460668,19397581,449509,465108,202.8,84.98,81.95,37.44,8976,31966,0.062
South Korea,KOR,2022-01-05,105514132,44053322,42536215,19732700,432278,435989,203.63,85.02,82.09,38.08,8414,27927,0.054
South Korea,KOR,2022-01-06,106002930,44073008,42621143,20116212,488798,414024,204.58,85.06,82.26,38.82,7990,24003,0.046
South Korea,KOR,2022-01-07,106736986,44099110,42728289,20716363,734056,397337,205.99,85.11,82.46,39.98,7668,20034,0.039
South Korea,KOR,2022-01-08,107172073,44115418,42799020,21064252,435087,453221,206.83,85.14,82.6,40.65,8747,21753,0.042
South Korea,KOR,2022-01-09,107194291,44116535,42803792,21080590,22218,453207,206.88,85.14,82.61,40.68,8747,21610,0.042
South Korea,KOR,2022-01-10,107773460,44141351,42913089,21525018,579169,448731,207.99,85.19,82.82,41.54,8660,19378,0.037
South Korea,KOR,2022-01-11,108211524,44161455,42985978,21869294,438064,447096,208.84,85.23,82.96,42.21,8629,18441,0.036
South Korea,KOR,2022-01-12,108593506,44177746,43066488,22153754,381982,439911,209.58,85.26,83.11,42.75,8490,17775,0.034
South Korea,KOR,2022-01-13,109031042,44193929,43143191,22497818,437536,432587,210.42,85.29,83.26,43.42,8349,17274,0.033
South Korea,KOR,2022-01-14,109726433,44216406,43233900,23079401,695391,427064,211.76,85.33,83.44,44.54,8242,16757,0.032
South Korea,KOR,2022-01-15,110075775,44229507,43263224,23386235,349342,414815,212.44,85.36,83.49,45.13,8006,16298,0.031
South Korea,KOR,2022-01-16,110097281,44230298,43266675,23403505,21506,414713,212.48,85.36,83.5,45.17,8004,16252,0.031
South Korea,KOR,2022-01-17,110571617,44246251,43337704,23790447,474336,399737,213.39,85.39,83.64,45.91,7715,14986,0.029
South Korea,KOR,2022-01-18,110893932,44258298,43383944,24053951,322315,383201,214.02,85.41,83.73,46.42,7395,13835,0.027
South Korea,KOR,2022-01-19,111165960,44268332,43428821,24270572,272028,367493,214.54,85.43,83.81,46.84,7092,12941,0.025
South Korea,KOR,2022-01-20,111503807,44278718,43473226,24553189,337847,353252,215.19,85.45,83.9,47.39,6817,12113,0.023
South Korea,KOR,2022-01-21,112048693,44294025,43531970,25023628,544886,331751,216.24,85.48,84.01,48.29,6403,11088,0.021
South Korea,KOR,2022-01-22,112335367,44303398,43549969,25282883,286674,322799,216.8,85.5,84.05,48.79,6230,10556,0.02
South Korea,KOR,2022-01-23,112351977,44304009,43551942,25296916,16610,322099,216.83,85.5,84.05,48.82,6216,10530,0.02
South Korea,KOR,2022-01-24,112703330,44315632,43592453,25595802,351353,304530,217.51,85.53,84.13,49.4,5877,9912,0.019
South Korea,KOR,2022-01-25,112986890,44324755,43621531,25840723,283560,298994,218.05,85.54,84.19,49.87,5770,9494,0.018
South Korea,KOR,2022-01-26,113276982,44333245,43645971,26097529,290092,301575,218.61,85.56,84.23,50.37,5820,9273,0.018
South Korea,KOR,2022-01-27,113627826,44342337,43670941,26413996,350844,303431,219.29,85.58,84.28,50.98,5856,9088,0.018
South Korea,KOR,2022-01-28,114184464,44355673,43707976,26919994,556638,305110,220.37,85.6,84.35,51.95,5888,8807,0.017
South Korea,KOR,2022-01-29,114556010,44363803,43730490,27260844,371546,317235,221.08,85.62,84.4,52.61,6122,8629,0.017
South Korea,KOR,2022-01-30,114583047,44364469,43731890,27285819,27037,318724,221.14,85.62,84.4,52.66,6151,8637,0.017
South Korea,KOR,2022-01-31,114604100,44365083,43732899,27305254,21053,271539,221.18,85.62,84.4,52.7,5240,7064,0.014
South Korea,KOR,2022-02-01,114607423,44365186,43733104,27308279,3323,231505,221.18,85.62,84.4,52.7,4468,5776,0.011
South Korea,KOR,2022-02-02,114621448,44365703,43733972,27320926,14025,192067,221.21,85.62,84.4,52.73,3707,4637,0.009
South Korea,KOR,2022-02-03,115015673,44378056,43786376,27649933,394225,198264,221.97,85.65,84.5,53.36,3826,5103,0.01
South Korea,KOR,2022-02-04,115423645,44390550,43821838,28009684,407972,177026,222.76,85.67,84.57,54.06,3416,4982,0.01
South Korea,KOR,2022-02-05,115653749,44397834,43839883,28214401,230104,156820,223.2,85.68,84.61,54.45,3026,4862,0.009
South Korea,KOR,2022-02-06,115667255,44398293,43840854,28226483,13506,154887,223.23,85.68,84.61,54.47,2989,4832,0.009
South Korea,KOR,2022-02-07,115944983,44406474,43863171,28473518,277728,191555,223.76,85.7,84.65,54.95,3697,5913,0.011
South Korea,KOR,2022-02-08,116130714,44412254,43879154,28637219,185731,217613,224.12,85.71,84.68,55.27,4200,6724,0.013
South Korea,KOR,2022-02-09,116296209,44417439,43892005,28784464,165495,239252,224.44,85.72,84.71,55.55,4617,7391,0.014
South Korea,KOR,2022-02-10,116522220,44423326,43905805,28990575,226011,215221,224.88,85.73,84.73,55.95,4154,6467,0.012
South Korea,KOR,2022-02-11,116858228,44431626,43925427,29298491,336008,204940,225.53,85.75,84.77,56.54,3955,5868,0.011
South Korea,KOR,2022-02-12,117045956,44437393,43937661,29468180,187728,198887,225.89,85.76,84.8,56.87,3838,5651,0.011
South Korea,KOR,2022-02-13,117055996,44437767,43938277,29477237,10040,198392,225.91,85.76,84.8,56.89,3829,5639,0.011
South Korea,KOR,2022-02-14,117274377,44448164,43951848,29671476,218381,189913,226.33,85.78,84.82,57.26,3665,5956,0.011
South Korea,KOR,2022-02-15,117434804,44457883,43962464,29811274,160427,186299,226.64,85.8,84.84,57.53,3595,6518,0.013
South Korea,KOR,2022-02-16,117583121,44467055,43972005,29940633,148317,183845,226.93,85.82,84.86,57.78,3548,7088,0.014
South Korea,KOR,2022-02-17,117772410,44476134,43981962,30110617,189289,178599,227.29,85.84,84.88,58.11,3447,7544,0.015
South Korea,KOR,2022-02-18,118048602,44487626,43997204,30359901,276192,170053,227.82,85.86,84.91,58.59,3282,8000,0.015
South Korea,KOR,2022-02-19,118200538,44493875,44006722,30496029,151936,164940,228.12,85.87,84.93,58.85,3183,8069,0.016
South Korea,KOR,2022-02-20,118209762,44494242,44007313,30504297,9224,164824,228.13,85.87,84.93,58.87,3181,8068,0.016
South Korea,KOR,2022-02-21,118385931,44502345,44012839,30666698,176169,158793,228.47,85.89,84.94,59.18,3065,7740,0.015
South Korea,KOR,2022-02-22,118512030,44508602,44016748,30782462,126099,153889,228.72,85.9,84.95,59.41,2970,7246,0.014
South Korea,KOR,2022-02-23,118633336,44514336,44020376,30894228,121306,150031,228.95,85.91,84.96,59.62,2895,6754,0.013
South Korea,KOR,2022-02-24,118800973,44520556,44030741,31045082,167637,146938,229.28,85.92,84.98,59.91,2836,6346,0.012
South Korea,KOR,2022-02-25,119055795,44529444,44044604,31276983,254822,143885,229.77,85.94,85.0,60.36,2777,5974,0.012
South Korea,KOR,2022-02-26,119189513,44534372,44053088,31397261,133718,141282,230.03,85.95,85.02,60.59,2727,5785,0.011
South Korea,KOR,2022-02-27,119196404,44534605,44053550,31403460,6891,140949,230.04,85.95,85.02,60.61,2720,5766,0.011
South Korea,KOR,2022-02-28,119359992,44540227,44061824,31553046,163588,139152,230.35,85.96,85.04,60.89,2686,5412,0.01
South Korea,KOR,2022-03-01,119365836,44540441,44062195,31558311,5844,121972,230.37,85.96,85.04,60.9,2354,4548,0.009
South Korea,KOR,2022-03-02,119449189,44542636,44066515,31635023,83353,116550,230.53,85.96,85.04,61.05,2249,4043,0.008
South Korea,KOR,2022-03-03,119534911,44544578,44070737,31714456,85722,104848,230.69,85.97,85.05,61.21,2023,3432,0.007
South Korea,KOR,2022-03-04,119665902,44548039,44078412,31834202,130991,87158,230.94,85.97,85.07,61.44,1682,2656,0.005
South Korea,KOR,2022-03-05,119728843,44550338,44084038,31889203,62941,77047,231.07,85.98,85.08,61.54,1487,2281,0.004
South Korea,KOR,2022-03-06,119730949,44550421,44084242,31891026,2106,76364,231.07,85.98,85.08,61.55,1474,2259,0.004
South Korea,KOR,2022-03-07,119822697,44558171,44090067,31968994,91748,66101,231.25,85.99,85.09,61.7,1276,2563,0.005
South Korea,KOR,2022-03-08,119891020,44563962,44095211,32026190,68323,75026,231.38,86.0,85.1,61.81,1448,3360,0.006
South Korea,KOR,2022-03-09,119902444,44565038,44096485,32035254,11424,64751,231.4,86.01,85.1,61.83,1250,3200,0.006
South Korea,KOR,2022-03-10,119993035,44570123,44102818,32114221,90591,65446,231.58,86.02,85.11,61.98,1263,3649,0.007
South Korea,KOR,2022-03-11,120120935,44578926,44116681,32219187,127900,65005,231.82,86.03,85.14,62.18,1255,4412,0.009
South Korea,KOR,2022-03-12,120168327,44582914,44122079,32257155,47392,62783,231.91,86.04,85.15,62.25,1212,4654,0.009
South Korea,KOR,2022-03-13,120169348,44582998,44122189,32257985,1021,62628,231.92,86.04,85.15,62.26,1209,4654,0.009
South Korea,KOR,2022-03-14,120238133,44586655,44127067,32318129,68785,59348,232.05,86.05,85.16,62.37,1145,4069,0.008
South Korea,KOR,2022-03-15,120292107,44589095,44130367,32366228,53974,57298,232.15,86.05,85.17,62.46,1106,3590,0.007
South Korea,KOR,2022-03-16,120345958,44591282,44132787,32415334,53851,63359,232.26,86.06,85.17,62.56,1223,3749,0.007
South Korea,KOR,2022-03-17,120411363,44593772,44135489,32475435,65405,59761,232.38,86.06,85.18,62.67,1153,3378,0.007
South Korea,KOR,2022-03-18,120514921,44598467,44141116,32568535,103558,56284,232.58,86.07,85.19,62.85,1086,2792,0.005
South Korea,KOR,2022-03-19,120551578,44600548,44143048,32601162,36657,54750,232.65,86.08,85.19,62.92,1057,2519,0.005
South Korea,KOR,2022-03-20,120552268,44600577,44143087,32601788,690,54703,232.66,86.08,85.19,62.92,1056,2511,0.005
South Korea,KOR,2022-03-21,120613739,44602826,44145379,32658652,61471,53658,232.77,86.08,85.2,63.03,1036,2310,0.004
South Korea,KOR,2022-03-22,120657578,44604622,44146610,32699388,43839,52210,232.86,86.08,85.2,63.11,1008,2218,0.004
South Korea,KOR,2022-03-23,120704029,44606108,44147860,32743007,46451,51153,232.95,86.09,85.2,63.19,987,2118,0.004
South Korea,KOR,2022-03-24,120757863,44607867,44149384,32793490,53834,49500,233.05,86.09,85.2,63.29,955,2014,0.004
South Korea,KOR,2022-03-25,120842905,44611067,44152225,32872414,85042,46855,233.22,86.1,85.21,63.44,904,1800,0.003
South Korea,KOR,2022-03-26,120882266,44612586,44153341,32909133,39361,47241,233.29,86.1,85.21,63.51,912,1720,0.003
South Korea,KOR,2022-03-27,120882941,44612616,44153377,32909745,675,47239,233.29,86.1,85.21,63.51,912,1720,0.003
South Korea,KOR,2022-03-28,120932449,44614250,44158486,32952427,49508,45530,233.39,86.1,85.22,63.6,879,1632,0.003
South Korea,KOR,2022-03-29,120964813,44615573,44162206,32979669,32364,43891,233.45,86.1,85.23,63.65,847,1564,0.003
South Korea,KOR,2022-03-30,121000487,44616744,44163471,33012877,35674,42351,233.52,86.11,85.23,63.71,817,1519,0.003
South Korea,KOR,2022-03-31,121046205,44621322,44166813,33050614,45718,41192,233.61,86.12,85.24,63.78,795,1922,0.004
South Korea,KOR,2022-04-01,121110760,44632426,44172745,33098029,64555,38265,233.73,86.14,85.25,63.88,738,3051,0.006
South Korea,KOR,2022-04-02,121139934,44638604,44175123,33118631,29174,36810,233.79,86.15,85.25,63.92,710,3717,0.007
South Korea,KOR,2022-04-03,121140365,44638665,44175172,33118957,431,36775,233.79,86.15,85.25,63.92,710,3721,0.007
South Korea,KOR,2022-04-04,121171186,44641544,44177812,33144228,30821,34105,233.85,86.15,85.26,63.97,658,3899,0.008
South Korea,KOR,2022-04-05,121191526,44643486,44179653,33160727,20340,32388,233.89,86.16,85.26,64.0,625,3988,0.008
South Korea,KOR,2022-04-06,121217180,44645713,44181271,33182469,25654,30956,233.94,86.16,85.27,64.04,597,4138,0.008
South Korea,KOR,2022-04-07,121247282,44648237,44183171,33208111,30102,28725,234.0,86.17,85.27,64.09,554,3845,0.007
South Korea,KOR,2022-04-08,121298528,44656248,44187073,33247374,51246,26824,234.1,86.18,85.28,64.16,518,3403,0.007
South Korea,KOR,2022-04-09,121317181,44659782,44188410,33261143,18653,25321,234.13,86.19,85.28,64.19,489,3025,0.006
South Korea,KOR,2022-04-10,121317458,44659813,44188433,33261367,277,25299,234.13,86.19,85.28,64.19,488,3021,0.006
South Korea,KOR,2022-04-11,121336674,44661116,44190066,33277634,19216,23641,234.17,86.19,85.28,64.22,456,2796,0.005
South Korea,KOR,2022-04-12,121351609,44662255,44191372,33290096,14935,22869,234.2,86.19,85.29,64.25,441,2681,0.005
South Korea,KOR,2022-04-13,121372338,44663832,44192652,33307934,20729,22165,234.24,86.2,85.29,64.28,428,2588,0.005
South Korea,KOR,2022-04-14,121422535,44665277,44194205,33355113,50197,25036,234.33,86.2,85.29,64.37,483,2434,0.005
South Korea,KOR,2022-04-15,121524960,44670823,44197404,33448742,102425,32347,234.53,86.21,85.3,64.55,624,2082,0.004
South Korea,KOR,2022-04-16,121552464,44672604,44198616,33473247,27504,33612,234.59,86.21,85.3,64.6,649,1832,0.004
South Korea,KOR,2022-04-17,121552835,44672632,44198642,33473565,371,33625,234.59,86.21,85.3,64.6,649,1831,0.004
South Korea,KOR,2022-04-18,121614970,44673424,44199631,33533894,62135,39757,234.71,86.22,85.3,64.72,767,1758,0.003
South Korea,KOR,2022-04-19,121679077,44674124,44200546,33596346,64107,46781,234.83,86.22,85.3,64.84,903,1696,0.003
South Korea,KOR,2022-04-20,121754464,44675170,44201662,33669530,75387,54589,234.98,86.22,85.31,64.98,1054,1620,0.003
South Korea,KOR,2022-04-21,121826856,44676315,44203123,33739286,72392,57760,235.12,86.22,85.31,65.11,1115,1577,0.003
South Korea,KOR,2022-04-22,121983220,44680116,44207099,33887823,156364,65466,235.42,86.23,85.32,65.4,1263,1328,0.003
South Korea,KOR,2022-04-23,122024058,44681456,44208432,33925995,40838,67371,235.5,86.23,85.32,65.47,1300,1265,0.002
South Korea,KOR,2022-04-24,122024678,44681481,44208463,33926561,620,67406,235.5,86.23,85.32,65.48,1301,1264,0.002
South Korea,KOR,2022-04-25,122235107,44682357,44209685,34134855,210429,88591,235.9,86.23,85.32,65.88,1710,1276,0.002
South Korea,KOR,2022-04-26,122460046,44683248,44210697,34357830,224939,111567,236.34,86.23,85.32,66.31,2153,1303,0.003
South Korea,KOR,2022-04-27,122690807,44684282,44211799,34586390,230761,133763,236.78,86.24,85.32,66.75,2582,1302,0.003
South Korea,KOR,2022-04-28,122903153,44685338,44213129,34796289,212346,153757,237.19,86.24,85.33,67.15,2967,1289,0.002
South Korea,KOR,2022-04-29,123298346,44688237,44216376,35185298,395193,187875,237.96,86.24,85.33,67.9,3626,1160,0.002
South Korea,KOR,2022-04-30,123381965,44689509,44217517,35266509,83619,193987,238.12,86.25,85.34,68.06,3744,1150,0.002
South Korea,KOR,2022-05-01,123383182,44689524,44217537,35267694,1217,194072,238.12,86.25,85.34,68.06,3745,1149,0.002
South Korea,KOR,2022-05-02,123550345,44690354,44218485,35433048,167163,187891,238.44,86.25,85.34,68.38,3626,1142,0.002
South Korea,KOR,2022-05-03,123732090,44691084,44219427,35613061,181745,181721,238.79,86.25,85.34,68.73,3507,1119,0.002
South Korea,KOR,2022-05-04,123894587,44691977,44220350,35773694,162497,171969,239.11,86.25,85.34,69.04,3319,1099,0.002
South Korea,KOR,2022-05-05,123898312,44692037,44220417,35777297,3725,142166,239.11,86.25,85.34,69.05,2744,957,0.002
South Korea,KOR,2022-05-06,124153282,44694016,44222979,36027678,254970,122134,239.61,86.26,85.35,69.53,2357,826,0.002
South Korea,KOR,2022-05-07,124203394,44694622,44223743,36076418,50112,117347,239.7,86.26,85.35,69.62,2265,730,0.001
South Korea,KOR,2022-05-08,124204059,44694637,44223760,36077053,665,117268,239.7,86.26,85.35,69.63,2263,730,0.001
South Korea,KOR,2022-05-09,124311759,44695348,44224660,36183137,107700,108773,239.91,86.26,85.35,69.83,2099,713,0.001
South Korea,KOR,2022-05-10,124439411,44695947,44225471,36309336,127652,101046,240.16,86.26,85.35,70.07,1950,695,0.001
South Korea,KOR,2022-05-11,124546697,44696542,44226365,36415105,107286,93159,240.36,86.26,85.35,70.28,1798,652,0.001
South Korea,KOR,2022-05-12,124651656,44697237,44227278,36518418,104959,107621,240.57,86.26,85.35,70.48,2077,743,0.001
South Korea,KOR,2022-05-13,124815552,44698705,44229217,36678854,163896,94610,240.88,86.26,85.36,70.79,1826,670,0.001
South Korea,KOR,2022-05-14,124852509,44699417,44229973,36714345,36957,92731,240.95,86.27,85.36,70.86,1790,685,0.001
South Korea,KOR,2022-05-15,124853038,44699433,44229985,36714848,529,92711,240.96,86.27,85.36,70.86,1789,685,0.001
South Korea,KOR,2022-05-16,124916856,44700004,44230743,36777314,63818,86442,241.08,86.27,85.36,70.98,1668,665,0.001
South Korea,KOR,2022-05-17,124993196,44700503,44231420,36852449,76340,79112,241.23,86.27,85.36,71.12,1527,651,0.001
South Korea,KOR,2022-05-18,125057664,44701016,44232180,36915613,64468,72995,241.35,86.27,85.36,71.24,1409,639,0.001
South Korea,KOR,2022-05-19,125118952,44701511,44233009,36975544,61288,66757,241.47,86.27,85.37,71.36,1288,611,0.001
South Korea,KOR,2022-05-20,125224010,44702652,44234929,37077522,105058,58351,241.67,86.27,85.37,71.56,1126,564,0.001
South Korea,KOR,2022-05-21,125248274,44703194,44235715,37100459,24264,56538,241.72,86.27,85.37,71.6,1091,540,0.001
South Korea,KOR,2022-05-22,125248622,44703202,44235733,37100783,348,56512,241.72,86.27,85.37,71.6,1091,538,0.001
South Korea,KOR,2022-05-23,125291231,44703684,44236485,37142147,42609,53482,241.8,86.27,85.37,71.68,1032,526,0.001
South Korea,KOR,2022-05-24,125342042,44704089,44237181,37191820,50811,49835,241.9,86.28,85.37,71.78,962,512,0.001
South Korea,KOR,2022-05-25,125387389,44704588,44238129,37235688,45347,47104,241.99,86.28,85.38,71.86,909,510,0.001
South Korea,KOR,2022-05-26,125432060,44705172,44240011,37277872,44671,44730,242.07,86.28,85.38,71.94,863,523,0.001
South Korea,KOR,2022-05-27,125512539,44706421,44246645,37350449,80479,41218,242.23,86.28,85.39,72.08,795,538,0.001
South Korea,KOR,2022-05-28,125533091,44706943,44249694,37367432,20552,40688,242.27,86.28,85.4,72.12,785,536,0.001
South Korea,KOR,2022-05-29,125533401,44706952,44249719,37367709,310,40683,242.27,86.28,85.4,72.12,785,536,0.001
South Korea,KOR,2022-05-30,125566401,44707463,44251222,37398692,33000,39310,242.33,86.28,85.4,72.18,759,540,0.001
South Korea,KOR,2022-05-31,125600563,44708008,44252538,37430976,34162,36932,242.4,86.28,85.4,72.24,713,560,0.001
South Korea,KOR,2022-06-01,125604091,44708100,44253006,37433947,3528,30957,242.4,86.28,85.4,72.24,597,502,0.001
South Korea,KOR,2022-06-02,125631780,44708589,44254792,37459344,27689,28531,242.46,86.28,85.41,72.29,551,488,0.001
South Korea,KOR,2022-06-03,125684117,44709612,44261016,37504425,52337,24511,242.56,86.29,85.42,72.38,473,456,0.001
South Korea,KOR,2022-06-04,125697789,44710093,44263424,37515215,13672,23528,242.59,86.29,85.42,72.4,454,450,0.001
South Korea,KOR,2022-06-05,125697966,44710100,44263451,37515361,177,23509,242.59,86.29,85.42,72.4,454,450,0.001
South Korea,KOR,2022-06-06,125698995,44710146,44263609,37516189,1029,18942,242.59,86.29,85.42,72.4,366,383,0.001
South Korea,KOR,2022-06-07,125719636,44710509,44264602,37535461,20641,17010,242.63,86.29,85.43,72.44,328,357,0.001
South Korea,KOR,2022-06-08,125742547,44710898,44266156,37556415,22911,19779,242.67,86.29,85.43,72.48,382,400,0.001
South Korea,KOR,2022-06-09,125761596,44711289,44267453,37573771,19049,18545,242.71,86.29,85.43,72.51,358,386,0.001
South Korea,KOR,2022-06-10,125798290,44712045,44271957,37605181,36694,16310,242.78,86.29,85.44,72.57,315,348,0.001
South Korea,KOR,2022-06-11,125807419,44712363,44273605,37612344,9129,15661,242.8,86.29,85.44,72.59,302,324,0.001
South Korea,KOR,2022-06-12,125807564,44712367,44273626,37612467,145,15657,242.8,86.29,85.44,72.59,302,324,0.001
South Korea,KOR,2022-06-13,125822391,44712683,44274495,37626100,14827,17628,242.83,86.29,85.45,72.62,340,362,0.001
South Korea,KOR,2022-06-14,125838018,44712977,44275151,37640757,15627,16912,242.86,86.29,85.45,72.64,326,353,0.001
South Korea,KOR,2022-06-15,125853900,44713265,44276010,37655467,15882,15908,242.89,86.29,85.45,72.67,307,338,0.001
South Korea,KOR,2022-06-16,125867719,44713613,44276904,37668038,13819,15160,242.91,86.29,85.45,72.7,293,332,0.001
South Korea,KOR,2022-06-17,125892992,44714200,44279976,37689638,25273,13529,242.96,86.29,85.46,72.74,261,308,0.001
South Korea,KOR,2022-06-18,125899579,44714445,44281182,37694776,6587,13166,242.98,86.29,85.46,72.75,254,297,0.001
South Korea,KOR,2022-06-19,125899660,44714447,44281194,37694844,81,13157,242.98,86.29,85.46,72.75,254,297,0.001
South Korea,KOR,2022-06-20,125910734,44714695,44281817,37705042,11074,12620,243.0,86.3,85.46,72.77,244,287,0.001
South Korea,KOR,2022-06-21,125923447,44714942,44282423,37716888,12713,12204,243.02,86.3,85.46,72.79,236,281,0.001
South Korea,KOR,2022-06-22,125936007,44715226,44283060,37728513,12560,11730,243.05,86.3,85.46,72.81,226,280,0.001
South Korea,KOR,2022-06-23,125948680,44715515,44283835,37740116,12673,11566,243.07,86.3,85.46,72.84,223,272,0.001
South Korea,KOR,2022-06-24,125973107,44716106,44286224,37761556,24427,11445,243.12,86.3,85.47,72.88,221,272,0.001
South Korea,KOR,2022-06-25,125979494,44716368,44287329,37766579,6387,11416,243.13,86.3,85.47,72.89,220,275,0.001
South Korea,KOR,2022-06-26,125979605,44716372,44287342,37766675,111,11421,243.13,86.3,85.47,72.89,220,275,0.001
South Korea,KOR,2022-06-27,125990820,44716632,44287870,37777113,11215,11441,243.15,86.3,85.47,72.91,221,277,0.001
South Korea,KOR,2022-06-28,126003692,44716855,44288415,37789203,12872,11464,243.18,86.3,85.47,72.93,221,273,0.001
South Korea,KOR,2022-06-29,126016505,44717164,44289066,37801035,12813,11500,243.2,86.3,85.47,72.95,222,277,0.001
South Korea,KOR,2022-06-30,126028997,44717442,44289442,37812856,12492,11474,243.22,86.3,85.47,72.98,221,275,0.001
South Korea,KOR,2022-07-01,126049928,44717964,44291052,37831642,20931,10974,243.27,86.3,85.48,73.01,212,265,0.001
South Korea,KOR,2022-07-02,126055808,44718247,44291777,37836520,5880,10902,243.28,86.3,85.48,73.02,210,268,0.001
South Korea,KOR,2022-07-03,126055898,44718253,44291788,37836593,90,10899,243.28,86.3,85.48,73.02,210,269,0.001
South Korea,KOR,2022-07-04,126067107,44718543,44292265,37847041,11209,10898,243.3,86.3,85.48,73.04,210,273,0.001
South Korea,KOR,2022-07-05,126080676,44718764,44292700,37859940,13569,10998,243.32,86.3,85.48,73.07,212,273,0.001
South Korea,KOR,2022-07-06,126096331,44719055,44293250,37874748,15655,11404,243.35,86.3,85.48,73.09,220,270,0.001
South Korea,KOR,2022-07-07,126113066,44719364,44293835,37890577,16735,12010,243.39,86.3,85.48,73.13,232,275,0.001
South Korea,KOR,2022-07-08,126149215,44720057,44295242,37924623,36149,14184,243.46,86.31,85.49,73.19,274,299,0.001
South Korea,KOR,2022-07-09,126158654,44720357,44295948,37933060,9439,14692,243.48,86.31,85.49,73.21,284,301,0.001
South Korea,KOR,2022-07-10,126158808,44720365,44295957,37933197,154,14701,243.48,86.31,85.49,73.21,284,302,0.001
South Korea,KOR,2022-07-11,126177910,44720724,44296447,37951446,19102,15829,243.51,86.31,85.49,73.24,305,312,0.001
South Korea,KOR,2022-07-12,126201657,44721024,44296821,37974510,23747,17283,243.56,86.31,85.49,73.29,334,323,0.001
South Korea,KOR,2022-07-13,126229569,44721353,44297277,38001640,27912,19034,243.61,86.31,85.49,73.34,367,328,0.001
South Korea,KOR,2022-07-14,126260697,44721736,44297788,38031861,31128,21090,243.67,86.31,85.49,73.4,407,339,0.001
South Korea,KOR,2022-07-15,126327597,44722537,44299017,38096735,66900,25483,243.8,86.31,85.49,73.52,492,354,0.001
South Korea,KOR,2022-07-16,126345272,44722915,44299577,38113472,17675,26660,243.84,86.31,85.49,73.56,515,365,0.001
South Korea,KOR,2022-07-17,126345538,44722923,44299582,38113725,266,26676,243.84,86.31,85.49,73.56,515,365,0.001
South Korea,KOR,2022-07-18,126412663,44723372,44300048,38179940,67125,33536,243.97,86.31,85.5,73.68,647,378,0.001
South Korea,KOR,2022-07-19,126491440,44723819,44300468,38257828,78777,41398,244.12,86.31,85.5,73.83,799,399,0.001
South Korea,KOR,2022-07-20,126578702,44724391,44301025,38343939,87262,49876,244.29,86.31,85.5,74.0,963,434,0.001
South Korea,KOR,2022-07-21,126666382,44724993,44301607,38430412,87680,57955,244.46,86.32,85.5,74.17,1118,465,0.001
South Korea,KOR,2022-07-22,126844399,44726298,44302911,38605794,178017,73829,244.8,86.32,85.5,74.51,1425,537,0.001
South Korea,KOR,2022-07-23,126893098,44726905,44303495,38653295,48699,78261,244.89,86.32,85.5,74.6,1510,570,0.001
South Korea,KOR,2022-07-24,126893961,44726914,44303502,38654142,863,78346,244.89,86.32,85.5,74.6,1512,570,0.001
South Korea,KOR,2022-07-25,126972351,44727503,44304024,38731417,78390,79955,245.05,86.32,85.5,74.75,1543,590,0.001
South Korea,KOR,2022-07-26,127047422,44727961,44304519,38805506,75071,79426,245.19,86.32,85.5,74.89,1533,592,0.001
South Korea,KOR,2022-07-27,127117041,44728478,44304913,38874178,69619,76906,245.32,86.32,85.5,75.02,1484,584,0.001
South Korea,KOR,2022-07-28,127178576,44728970,44305386,38934717,61535,73171,245.44,86.32,85.51,75.14,1412,568,0.001
South Korea,KOR,2022-07-29,127287886,44729830,44306343,39042182,109310,63355,245.65,86.32,85.51,75.35,1223,505,0.001
South Korea,KOR,2022-07-30,127317617,44730128,44306716,39071246,29731,60646,245.71,86.33,85.51,75.4,1170,460,0.001
South Korea,KOR,2022-07-31,127318099,44730130,44306720,39071721,482,60591,245.71,86.33,85.51,75.41,1169,459,0.001
South Korea,KOR,2022-08-01,127423062,44730638,44307155,39175741,104963,64387,245.92,86.33,85.51,75.61,1243,448,0.001
South Korea,KOR,2022-08-02,127531264,44731086,44307535,39283095,108202,69120,246.12,86.33,85.51,75.81,1334,446,0.001
South Korea,KOR,2022-08-03,127627847,44731597,44307954,39378740,96583,72972,246.31,86.33,85.51,76.0,1408,446,0.001
South Korea,KOR,2022-08-04,127715231,44732187,44308408,39465074,87384,76665,246.48,86.33,85.51,76.16,1480,460,0.001
South Korea,KOR,2022-08-05,127884156,44733235,44309231,39632121,168925,85181,246.81,86.33,85.51,76.49,1644,486,0.001
South Korea,KOR,2022-08-06,127938205,44733637,44309594,39685412,54049,88655,246.91,86.33,85.51,76.59,1711,501,0.001
South Korea,KOR,2022-08-07,127939312,44733647,44309598,39686505,1107,88745,246.91,86.33,85.51,76.59,1713,502,0.001
South Korea,KOR,2022-08-08,128020500,44734230,44310061,39766630,81188,85348,247.07,86.33,85.51,76.75,1647,513,0.001
South Korea,KOR,2022-08-09,128099829,44734768,44310461,39845005,79329,81224,247.22,86.33,85.52,76.9,1568,526,0.001
South Korea,KOR,2022-08-10,128168714,44735238,44310907,39912945,68885,77267,247.35,86.34,85.52,77.03,1491,520,0.001
South Korea,KOR,2022-08-11,128232343,44735679,44311312,39975720,63629,73873,247.48,86.34,85.52,77.15,1426,499,0.001
South Korea,KOR,2022-08-12,128348138,44736607,44312138,40089750,115795,66283,247.7,86.34,85.52,77.37,1279,482,0.001
South Korea,KOR,2022-08-13,128387273,44736974,44312479,40128178,39135,64153,247.78,86.34,85.52,77.44,1238,477,0.001
South Korea,KOR,2022-08-14,128387950,44736976,44312486,40128846,677,64091,247.78,86.34,85.52,77.45,1237,476,0.001
South Korea,KOR,2022-08-15,128390316,44737035,44312534,40131107,2366,52831,247.78,86.34,85.52,77.45,1020,401,0.001
South Korea,KOR,2022-08-16,128444505,44737562,44312884,40184407,54189,49239,247.89,86.34,85.52,77.55,950,399,0.001
South Korea,KOR,2022-08-17,128502414,44738090,44313269,40241399,57909,47671,248.0,86.34,85.52,77.66,920,407,0.001
South Korea,KOR,2022-08-18,128559110,44738592,44313697,40297158,56696,46681,248.11,86.34,85.52,77.77,901,416,0.001
South Korea,KOR,2022-08-19,128661225,44739737,44314499,40397320,102115,44727,248.3,86.34,85.52,77.96,863,447,0.001
South Korea,KOR,2022-08-20,128695411,44740262,44314813,40430666,34186,44020,248.37,86.34,85.52,78.03,850,470,0.001
South Korea,KOR,2022-08-21,128696087,44740271,44314815,40431331,676,44020,248.37,86.34,85.52,78.03,850,471,0.001
South Korea,KOR,2022-08-22,128739562,44740705,44315208,40473978,43475,49892,248.46,86.35,85.52,78.11,963,524,0.001
South Korea,KOR,2022-08-23,128781453,44741115,44315503,40515151,41891,48135,248.54,86.35,85.53,78.19,929,508,0.001
South Korea,KOR,2022-08-24,128817340,44741489,44315870,40550288,35887,44989,248.61,86.35,85.53,78.26,868,486,0.001
South Korea,KOR,2022-08-25,128854050,44741880,44316244,40586228,36710,42134,248.68,86.35,85.53,78.33,813,470,0.001
South Korea,KOR,2022-08-26,128917587,44742716,44316970,40648204,63537,36623,248.8,86.35,85.53,78.45,707,426,0.001
South Korea,KOR,2022-08-27,128938008,44743123,44317279,40667910,20421,34657,248.84,86.35,85.53,78.49,669,409,0.001
South Korea,KOR,2022-08-28,128938350,44743126,44317281,40668247,342,34609,248.84,86.35,85.53,78.49,668,408,0.001
South Korea,KOR,2022-08-29,128967451,44743419,44317636,40696696,29101,32556,248.9,86.35,85.53,78.54,628,388,0.001
South Korea,KOR,2022-08-30,128995312,44743711,44317905,40723992,27861,30551,248.95,86.35,85.53,78.59,590,371,0.001
South Korea,KOR,2022-08-31,129020102,44744002,44318203,40748188,24790,28966,249.0,86.35,85.53,78.64,559,359,0.001
South Korea,KOR,2022-09-01,129042227,44744306,44318507,40769706,22125,26882,249.04,86.35,85.53,78.68,519,347,0.001
South Korea,KOR,2022-09-02,129079228,44744915,44319165,40805440,37001,23092,249.11,86.35,85.53,78.75,446,314,0.001
South Korea,KOR,2022-09-03,129091619,44745231,44319512,40817171,12391,21944,249.14,86.35,85.53,78.77,424,301,0.001
South Korea,KOR,2022-09-04,129091830,44745241,44319520,40817366,211,21926,249.14,86.35,85.53,78.77,423,302,0.001
South Korea,KOR,2022-09-05,129109356,44745506,44319749,40834403,17526,20272,249.17,86.35,85.53,78.81,391,298,0.001
South Korea,KOR,2022-09-06,129124088,44745752,44320011,40848622,14732,18397,249.2,86.36,85.53,78.83,355,292,0.001
South Korea,KOR,2022-09-07,129139511,44746113,44320413,40863290,15423,17058,249.23,86.36,85.53,78.86,329,302,0.001
South Korea,KOR,2022-09-08,129154755,44746479,44320791,40877804,15244,16075,249.26,86.36,85.54,78.89,310,310,0.001
South Korea,KOR,2022-09-09,129155779,44746537,44320848,40878714,1024,10936,249.26,86.36,85.54,78.89,211,232,0.0
South Korea,KOR,2022-09-10,129155844,44746541,44320849,40878775,65,9175,249.26,86.36,85.54,78.89,177,187,0.0
South Korea,KOR,2022-09-11,129155878,44746544,44320850,40878806,34,9150,249.26,86.36,85.54,78.89,177,186,0.0
South Korea,KOR,2022-09-12,129156801,44746602,44320921,40879603,923,6778,249.26,86.36,85.54,78.89,131,157,0.0
South Korea,KOR,2022-09-13,129169117,44746847,44321321,40891272,12316,6433,249.29,86.36,85.54,78.92,124,156,0.0
South Korea,KOR,2022-09-14,129183715,44747101,44321800,40905130,14598,6315,249.31,86.36,85.54,78.94,122,141,0.0
South Korea,KOR,2022-09-15,129198740,44747373,44322257,40919433,15025,6284,249.34,86.36,85.54,78.97,121,128,0.0
South Korea,KOR,2022-09-16,129223392,44747910,44323345,40942455,24652,9659,249.39,86.36,85.54,79.02,186,196,0.0
South Korea,KOR,2022-09-17,129231929,44748192,44323924,40950136,8537,10869,249.41,86.36,85.54,79.03,210,236,0.0
South Korea,KOR,2022-09-18,129232081,44748194,44323928,40950283,152,10886,249.41,86.36,85.54,79.03,210,236,0.0
South Korea,KOR,2022-09-19,129244518,44748414,44324310,40962129,12437,12531,249.43,86.36,85.54,79.05,242,259,0.0
South Korea,KOR,2022-09-20,129256105,44748657,44324653,40973131,11587,12427,249.45,86.36,85.54,79.07,240,259,0.0
South Korea,KOR,2022-09-21,129266564,44748860,44324959,40983092,10459,11836,249.47,86.36,85.54,79.09,228,251,0.0
South Korea,KOR,2022-09-22,129278463,44749078,44325301,40994432,11899,11389,249.5,86.36,85.54,79.12,220,244,0.0
South Korea,KOR,2022-09-23,129295334,44749480,44326028,41010167,16871,10277,249.53,86.36,85.55,79.15,198,224,0.0
South Korea,KOR,2022-09-24,129300616,44749656,44326380,41014924,5282,9812,249.54,86.36,85.55,79.16,189,209,0.0
South Korea,KOR,2022-09-25,129300704,44749657,44326381,41015010,88,9803,249.54,86.36,85.55,79.16,189,209,0.0
South Korea,KOR,2022-09-26,129310321,44749858,44326710,41024096,9617,9400,249.56,86.36,85.55,79.17,181,206,0.0
South Korea,KOR,2022-09-27,129318650,44750041,44326986,41031957,8329,8935,249.57,86.36,85.55,79.19,172,198,0.0
South Korea,KOR,2022-09-28,129326882,44750221,44327377,41039624,8232,8617,249.59,86.36,85.55,79.2,166,194,0.0
South Korea,KOR,2022-09-29,129336556,44750408,44327755,41048745,9674,8299,249.61,86.36,85.55,79.22,160,190,0.0
South Korea,KOR,2022-09-30,129350823,44750791,44328592,41061788,14267,7927,249.64,86.37,85.55,79.25,153,187,0.0
South Korea,KOR,2022-10-01,129355315,44750934,44328942,41065788,4492,7814,249.64,86.37,85.55,79.25,151,183,0.0
South Korea,KOR,2022-10-02,129355417,44750934,44328952,41065880,102,7816,249.64,86.37,85.55,79.25,151,182,0.0
South Korea,KOR,2022-10-03,129355787,44750946,44328985,41066203,370,6495,249.65,86.37,85.55,79.25,125,155,0.0
South Korea,KOR,2022-10-04,129362868,44751103,44329332,41072780,7081,6317,249.66,86.37,85.55,79.27,122,152,0.0
South Korea,KOR,2022-10-05,129369673,44751274,44329701,41079060,6805,6113,249.67,86.37,85.55,79.28,118,150,0.0
South Korea,KOR,2022-10-06,129377153,44751478,44330078,41085967,7480,5800,249.69,86.37,85.55,79.29,112,153,0.0
South Korea,KOR,2022-10-07,129388556,44751826,44330843,41096261,11403,5390,249.71,86.37,85.55,79.31,104,148,0.0
South Korea,KOR,2022-10-08,129392586,44752016,44331227,41099717,4030,5324,249.72,86.37,85.56,79.32,103,155,0.0
South Korea,KOR,2022-10-09,129392663,44752017,44331234,41099786,77,5321,249.72,86.37,85.56,79.32,103,155,0.0
South Korea,KOR,2022-10-10,129393564,44752058,44331296,41100585,901,5397,249.72,86.37,85.56,79.32,104,159,0.0
South Korea,KOR,2022-10-11,129399779,44752214,44331646,41106295,6215,5273,249.73,86.37,85.56,79.33,102,159,0.0
South Korea,KOR,2022-10-12,129405527,44752405,44331967,41111538,5748,5122,249.74,86.37,85.56,79.34,99,162,0.0
South Korea,KOR,2022-10-13,129411990,44752593,44332308,41117478,6463,4977,249.75,86.37,85.56,79.35,96,159,0.0
South Korea,KOR,2022-10-14,129421632,44752979,44333172,41125869,9642,4725,249.77,86.37,85.56,79.37,91,165,0.0
South Korea,KOR,2022-10-15,129425156,44753122,44333549,41128873,3524,4653,249.78,86.37,85.56,79.38,90,158,0.0
South Korea,KOR,2022-10-16,129425221,44753125,44333562,41128923,65,4651,249.78,86.37,85.56,79.38,90,158,0.0
South Korea,KOR,2022-10-17,129431479,44753307,44333873,41134689,6258,5416,249.79,86.37,85.56,79.39,105,178,0.0
South Korea,KOR,2022-10-18,129437215,44753505,44334146,41139951,5736,5348,249.8,86.37,85.56,79.4,103,184,0.0
South Korea,KOR,2022-10-19,129443191,44753703,44334478,41145405,5976,5381,249.81,86.37,85.56,79.41,104,185,0.0
South Korea,KOR,2022-10-20,129450057,44753885,44334772,41151807,6866,5438,249.83,86.37,85.56,79.42,105,185,0.0
South Korea,KOR,2022-10-21,129460416,44754271,44335476,41161078,10359,5541,249.85,86.37,85.56,79.44,107,185,0.0
South Korea,KOR,2022-10-22,129464309,44754452,44335850,41164421,3893,5593,249.85,86.37,85.56,79.44,108,190,0.0
South Korea,KOR,2022-10-23,129464413,44754453,44335853,41164521,104,5599,249.86,86.37,85.56,79.44,108,190,0.0
South Korea,KOR,2022-10-24,129471303,44754699,44336095,41170933,6890,5689,249.87,86.37,85.56,79.46,110,199,0.0
South Korea,KOR,2022-10-25,129477265,44754873,44336317,41176493,5962,5721,249.88,86.37,85.57,79.47,110,195,0.0
South Korea,KOR,2022-10-26,129483272,44755069,44336584,41182036,6007,5726,249.89,86.37,85.57,79.48,111,195,0.0
South Korea,KOR,2022-10-27,,44755251,44336855,,,5955,,86.37,85.57,,115,195,0.0
South Korea,KOR,2022-10-28,129500211,44755646,44337492,41197502,,5685,249.92,86.37,85.57,79.51,110,196,0.0
South Korea,KOR,2022-10-29,129503908,44755835,44337770,41200733,3697,5657,249.93,86.37,85.57,79.51,109,198,0.0
South Korea,KOR,2022-10-30,129504006,44755839,44337777,41200821,98,5656,249.93,86.37,85.57,79.51,109,198,0.0
South Korea,KOR,2022-10-31,129509774,44756023,44337974,41206212,5768,5496,249.94,86.38,85.57,79.52,106,189,0.0
South Korea,KOR,2022-11-01,129514774,44756183,44338200,41210824,5000,5358,249.95,86.38,85.57,79.53,103,187,0.0
South Korea,KOR,2022-11-02,129519668,44756374,44338411,41215320,4894,5199,249.96,86.38,85.57,79.54,100,186,0.0
South Korea,KOR,2022-11-03,129525420,44756563,44338666,41220640,5752,4811,249.97,86.38,85.57,79.55,93,187,0.0
South Korea,KOR,2022-11-04,129533514,44756943,44339056,41227971,8094,4758,249.99,86.38,85.57,79.57,92,185,0.0
South Korea,KOR,2022-11-05,129536705,44757078,44339232,41230853,3191,4685,249.99,86.38,85.57,79.57,90,178,0.0
South Korea,KOR,2022-11-06,129536774,44757080,44339232,41230920,69,4681,249.99,86.38,85.57,79.57,90,177,0.0
South Korea,KOR,2022-11-07,129541515,44757259,44339412,41235309,4741,4534,250.0,86.38,85.57,79.58,88,177,0.0
South Korea,KOR,2022-11-08,129545542,44757436,44339640,41238931,4027,4395,250.01,86.38,85.57,79.59,85,179,0.0
South Korea,KOR,2022-11-09,129549553,44757622,44339884,41242514,4011,4269,250.02,86.38,85.57,79.59,82,178,0.0
South Korea,KOR,2022-11-10,129554358,44757819,44340105,41246900,4805,4134,250.03,86.38,85.57,79.6,80,179,0.0
South Korea,KOR,2022-11-11,129561421,44758205,44340605,41253081,7063,3987,250.04,86.38,85.57,79.61,77,180,0.0
South Korea,KOR,2022-11-12,129564355,44758380,44340812,41255638,2934,3950,250.05,86.38,85.57,79.62,76,186,0.0
South Korea,KOR,2022-11-13,129564441,44758383,44340817,41255717,86,3952,250.05,86.38,85.57,79.62,76,186,0.0
South Korea,KOR,2022-11-14,129568893,44758571,44341053,41259741,4452,3911,250.06,86.38,85.57,79.63,75,187,0.0
South Korea,KOR,2022-11-15,129572797,44758773,44341241,41263259,3904,3894,250.06,86.38,85.57,79.63,75,191,0.0
South Korea,KOR,2022-11-16,129576836,44758988,44341491,41266839,4039,3898,250.07,86.38,85.58,79.64,75,195,0.0
South Korea,KOR,2022-11-17,129581457,44759217,44341720,41271010,4621,3871,250.08,86.38,85.58,79.65,75,200,0.0
South Korea,KOR,2022-11-18,129587797,44759627,44342188,41276477,6340,3768,250.09,86.38,85.58,79.66,73,203,0.0
South Korea,KOR,2022-11-19,129590639,44759805,44342435,41278896,2842,3755,250.1,86.38,85.58,79.66,72,204,0.0
South Korea,KOR,2022-11-20,129590739,44759809,44342437,41278990,100,3757,250.1,86.38,85.58,79.66,73,204,0.0
South Korea,KOR,2022-11-21,129595140,44760070,44342687,41282880,4401,3750,250.11,86.38,85.58,79.67,72,214,0.0
South Korea,KOR,2022-11-22,129599036,44760336,44342907,41286289,3896,3748,250.11,86.38,85.58,79.68,72,223,0.0
South Korea,KOR,2022-11-23,129602863,44760611,44343166,41289575,3827,3718,250.12,86.38,85.58,79.69,72,232,0.0
South Korea,KOR,2022-11-24,129606973,44760905,44343432,41293122,4110,3645,250.13,86.38,85.58,79.69,70,241,0.0
South Korea,KOR,2022-11-25,129612539,44761335,44343880,41297811,5566,3535,250.14,86.39,85.58,79.7,68,244,0.0
South Korea,KOR,2022-11-26,129615124,44761529,44344071,41300010,2585,3498,250.15,86.39,85.58,79.71,68,246,0.0
South Korea,KOR,2022-11-27,129615235,44761536,44344075,41300111,111,3499,250.15,86.39,85.58,79.71,68,247,0.0
South Korea,KOR,2022-11-28,129619075,44761823,44344309,41303433,3840,3419,250.15,86.39,85.58,79.71,66,250,0.0
South Korea,KOR,2022-11-29,129622240,44762062,44344526,41306132,3165,3315,250.16,86.39,85.58,79.72,64,247,0.0
South Korea,KOR,2022-11-30,129625158,44762381,44344762,41308499,2918,3185,250.17,86.39,85.58,79.72,61,253,0.0
South Korea,KOR,2022-12-01,129627796,44762630,44345008,41310655,2638,2975,250.17,86.39,85.58,79.73,57,246,0.0
South Korea,KOR,2022-12-02,129631322,44763022,44345411,41313382,3526,2683,250.18,86.39,85.58,79.73,52,241,0.0
South Korea,KOR,2022-12-03,129633354,44763234,44345604,41315008,2032,2604,250.18,86.39,85.58,79.73,50,244,0.0
South Korea,KOR,2022-12-04,129633453,44763238,44345607,41315102,99,2603,250.18,86.39,85.58,79.73,50,243,0.0
South Korea,KOR,2022-12-05,129636055,44763480,44345856,41317210,2602,2426,250.19,86.39,85.58,79.74,47,237,0.0
South Korea,KOR,2022-12-06,129638070,44763724,44346058,41318785,2015,2261,250.19,86.39,85.58,79.74,44,237,0.0
South Korea,KOR,2022-12-07,129639998,44763962,44346312,41320231,1928,2120,250.19,86.39,85.58,79.74,41,226,0.0
South Korea,KOR,2022-12-08,129642013,44764216,44346561,41321752,2015,2031,250.2,86.39,85.59,79.75,39,227,0.0
South Korea,KOR,2022-12-09,129644643,44764551,44346991,41323622,2630,1903,250.2,86.39,85.59,79.75,37,218,0.0
South Korea,KOR,2022-12-10,129645939,44764699,44347170,41324596,1296,1798,250.21,86.39,85.59,79.75,35,209,0.0
South Korea,KOR,2022-12-11,129646007,44764703,44347180,41324650,68,1793,250.21,86.39,85.59,79.75,35,209,0.0
South Korea,KOR,2022-12-12,129647782,44764957,44347430,41325954,1775,1675,250.21,86.39,85.59,79.76,32,211,0.0
South Korea,KOR,2022-12-13,,44765223,44347693,,,,,86.39,85.59,,,214,0.0
South Korea,KOR,2022-12-14,,44765489,44347916,,,,,86.39,85.59,,,218,0.0
South Korea,KOR,2022-12-15,,44765683,44348192,,,,,86.39,85.59,,,210,0.0
South Korea,KOR,2022-12-16,,44766011,44348614,,,,,86.39,85.59,,,209,0.0
South Korea,KOR,2022-12-17,,44766176,44348795,,,,,86.39,85.59,,,211,0.0
South Korea,KOR,2022-12-18,,44766178,44348799,,,,,86.39,85.59,,,211,0.0
South Korea,KOR,2022-12-19,,44766419,44349067,,,,,86.4,85.59,,,209,0.0
South Korea,KOR,2022-12-20,,44766676,44349317,,,,,86.4,85.59,,,208,0.0
South Korea,KOR,2022-12-21,,44766912,44349567,,,,,86.4,85.59,,,203,0.0
South Korea,KOR,2022-12-22,,44767126,44349810,,,,,86.4,85.59,,,206,0.0
South Korea,KOR,2022-12-23,,44767407,44350147,,,,,86.4,85.59,,,199,0.0
South Korea,KOR,2022-12-24,,44767526,44350277,,,,,86.4,85.59,,,193,0.0
South Korea,KOR,2022-12-25,,44767526,44350281,,,,,86.4,85.59,,,193,0.0
South Korea,KOR,2022-12-26,,44767788,44350516,,,,,86.4,85.59,,,196,0.0
South Korea,KOR,2022-12-27,,44768037,44350779,,,,,86.4,85.59,,,194,0.0
South Korea,KOR,2022-12-28,,44768291,44351081,,,,,86.4,85.59,,,197,0.0
South Korea,KOR,2022-12-29,,44768541,44351359,,,,,86.4,85.59,,,202,0.0
South Korea,KOR,2022-12-30,,44768872,44351749,,,,,86.4,85.6,,,209,0.0
South Korea,KOR,2022-12-31,,44768987,44351863,,,,,86.4,85.6,,,209,0.0
South Korea,KOR,2023-01-01,,44768987,44351864,,,,,86.4,85.6,,,209,0.0
South Korea,KOR,2023-01-02,,44769194,44352128,,,,,86.4,85.6,,,201,0.0
South Korea,KOR,2023-01-03,,44769436,44352377,,,,,86.4,85.6,,,200,0.0
South Korea,KOR,2023-01-04,,44769631,44352595,,,,,86.4,85.6,,,191,0.0
South Korea,KOR,2023-01-05,,44769873,44352845,,,,,86.4,85.6,,,190,0.0
South Korea,KOR,2023-01-06,,44770190,44353261,,,,,86.4,85.6,,,188,0.0
South Korea,KOR,2023-01-07,,44770345,44353435,,,,,86.4,85.6,,,194,0.0
South Korea,KOR,2023-01-08,,44770352,44353438,,,,,86.4,85.6,,,195,0.0
South Korea,KOR,2023-01-09,,44770614,44353708,,,,,86.4,85.6,,,203,0.0
South Korea,KOR,2023-01-10,,44770889,44353959,,,,,86.4,85.6,,,208,0.0
South Korea,KOR,2023-01-11,,44771216,44354229,,,,,86.4,85.6,,,226,0.0
South Korea,KOR,2023-01-12,,44771510,44354511,,,,,86.41,85.6,,,234,0.0
South Korea,KOR,2023-01-13,,44771821,44354899,,,,,86.41,85.6,,,233,0.0
South Korea,KOR,2023-01-14,,44771955,44355059,,,,,86.41,85.6,,,230,0.0
South Korea,KOR,2023-01-15,,44771956,44355061,,,,,86.41,85.6,,,229,0.0
South Korea,KOR,2023-01-16,,44772221,44355380,,,,,86.41,85.6,,,230,0.0
South Korea,KOR,2023-01-17,,44772416,44355656,,,,,86.41,85.6,,,218,0.0
South Korea,KOR,2023-01-18,,44772690,44355946,,,,,86.41,85.6,,,211,0.0
South Korea,KOR,2023-01-19,,44772938,44356205,,,,,86.41,85.6,,,204,0.0
South Korea,KOR,2023-01-20,,44773257,44356603,,,,,86.41,85.6,,,205,0.0
South Korea,KOR,2023-01-21,,44773269,44356631,,,,,86.41,85.6,,,188,0.0
South Korea,KOR,2023-01-22,,44773271,44356631,,,,,86.41,85.6,,,188,0.0
South Korea,KOR,2023-01-23,,44773273,44356634,,,,,86.41,85.6,,,150,0.0
South Korea,KOR,2023-01-24,,44773290,44356658,,,,,86.41,85.6,,,125,0.0
South Korea,KOR,2023-01-25,,44773496,44356983,,,,,86.41,85.61,,,115,0.0
South Korea,KOR,2023-01-26,,44773695,44357307,,,,,86.41,85.61,,,108,0.0
South Korea,KOR,2023-01-27,,44773937,44357768,,,,,86.41,85.61,,,97,0.0
South Korea,KOR,2023-01-28,,44774055,44357989,,,,,86.41,85.61,,,112,0.0
South Korea,KOR,2023-01-29,,44774061,44357995,,,,,86.41,85.61,,,113,0.0
South Korea,KOR,2023-01-30,,44774264,44358298,,,,,86.41,85.61,,,142,0.0
South Korea,KOR,2023-01-31,,44774458,44358594,,,,,86.41,85.61,,,167,0.0
South Korea,KOR,2023-02-01,,44774604,44358830,,,,,86.41,85.61,,,158,0.0
South Korea,KOR,2023-02-02,,44774737,44359032,,,,,86.41,85.61,,,149,0.0
South Korea,KOR,2023-02-03,,44774948,44359346,,,,,86.41,85.61,,,144,0.0
South Korea,KOR,2023-02-04,,44775047,44359469,,,,,86.41,85.61,,,142,0.0
South Korea,KOR,2023-02-05,,44775051,44359477,,,,,86.41,85.61,,,141,0.0
South Korea,KOR,2023-02-06,,44775195,44359705,,,,,86.41,85.61,,,133,0.0
South Korea,KOR,2023-02-07,,44775329,44359918,,,,,86.41,85.61,,,124,0.0
South Korea,KOR,2023-02-08,,44775493,44360132,,,,,86.41,85.61,,,127,0.0
South Korea,KOR,2023-02-09,,44775640,44360339,,,,,86.41,85.61,,,129,0.0
South Korea,KOR,2023-02-10,,44775836,44360634,,,,,86.41,85.61,,,127,0.0
South Korea,KOR,2023-02-11,,44775950,44360754,,,,,86.41,85.61,,,129,0.0
South Korea,KOR,2023-02-12,,44775955,44360760,,,,,86.41,85.61,,,129,0.0
South Korea,KOR,2023-02-13,,44776120,44360897,,,,,86.41,85.61,,,132,0.0
South Korea,KOR,2023-02-14,,44776311,44361078,,,,,86.41,85.61,,,140,0.0
South Korea,KOR,2023-02-15,,44776539,44361325,,,,,86.41,85.61,,,149,0.0
South Korea,KOR,2023-02-16,,44776693,44361504,,,,,86.42,85.61,,,150,0.0
South Korea,KOR,2023-02-17,,44776920,44361765,,,,,86.42,85.61,,,155,0.0
South Korea,KOR,2023-02-18,,44777018,44361893,,,,,86.42,85.61,,,153,0.0
South Korea,KOR,2023-02-19,,44777022,44361895,,,,,86.42,85.61,,,152,0.0
South Korea,KOR,2023-02-20,,44777162,44362070,,,,,86.42,85.61,,,149,0.0
South Korea,KOR,2023-02-21,,44777411,44362265,,,,,86.42,85.62,,,157,0.0
South Korea,KOR,2023-02-22,,44777703,44362498,,,,,86.42,85.62,,,166,0.0
South Korea,KOR,2023-02-23,,44778005,44362794,,,,,86.42,85.62,,,187,0.0
South Korea,KOR,2023-02-24,,44778428,44363163,,,,,86.42,85.62,,,215,0.0
South Korea,KOR,2023-02-25,,44778622,44363360,,,,,86.42,85.62,,,229,0.0
South Korea,KOR,2023-02-26,,44778626,44363366,,,,,86.42,85.62,,,229,0.0
South Korea,KOR,2023-02-27,,44778836,44363603,,,,,86.42,85.62,,,239,0.0
South Korea,KOR,2023-02-28,,44779030,44363789,,,,,86.42,85.62,,,231,0.0
South Korea,KOR,2023-03-01,,44779055,44363806,,,,,86.42,85.62,,,193,0.0
South Korea,KOR,2023-03-02,,44779215,44364006,,,,,86.42,85.62,,,173,0.0
South Korea,KOR,2023-03-03,,44779393,44364235,,,,,86.42,85.62,,,138,0.0
South Korea,KOR,2023-03-04,,44779473,44364382,,,,,86.42,85.62,,,122,0.0
South Korea,KOR,2023-03-05,,44779474,44364383,,,,,86.42,85.62,,,121,0.0
South Korea,KOR,2023-03-06,,44779570,44364510,,,,,86.42,85.62,,,105,0.0
South Korea,KOR,2023-03-07,,44779686,44364670,,,,,86.42,85.62,,,94,0.0
South Korea,KOR,2023-03-08,,44779828,44364844,,,,,86.42,85.62,,,110,0.0
South Korea,KOR,2023-03-09,,44779957,44364984,,,,,86.42,85.62,,,106,0.0
South Korea,KOR,2023-03-10,,44780143,44365216,,,,,86.42,85.62,,,107,0.0
South Korea,KOR,2023-03-11,,44780222,44365354,,,,,86.42,85.62,,,107,0.0
South Korea,KOR,2023-03-12,,44780225,44365358,,,,,86.42,85.62,,,107,0.0
South Korea,KOR,2023-03-13,,44780314,44365479,,,,,86.42,85.62,,,106,0.0
South Korea,KOR,2023-03-14,,44780438,44365626,,,,,86.42,85.62,,,107,0.0
South Korea,KOR,2023-03-15,,44780568,44365777,,,,,86.42,85.62,,,106,0.0
South Korea,KOR,2023-03-16,,44780674,44365930,,,,,86.42,85.62,,,102,0.0
South Korea,KOR,2023-03-17,,44780799,44366154,,,,,86.42,85.62,,,94,0.0
South Korea,KOR,2023-03-18,,44780870,44366248,,,,,86.42,85.62,,,93,0.0
South Korea,KOR,2023-03-19,,44780873,44366250,,,,,86.42,85.62,,,93,0.0
South Korea,KOR,2023-03-20,,44780967,44366362,,,,,86.42,85.62,,,93,0.0
South Korea,KOR,2023-03-21,,44781064,44366482,,,,,86.42,85.62,,,89,0.0
South Korea,KOR,2023-03-22,,44781162,44366574,,,,,86.42,85.62,,,85,0.0
South Korea,KOR,2023-03-23,,44781267,44366720,,,,,86.42,85.62,,,85,0.0
South Korea,KOR,2023-03-24,,44781380,44366904,,,,,86.42,85.62,,,83,0.0
South Korea,KOR,2023-03-25,,44781424,44366997,,,,,86.42,85.62,,,79,0.0
South Korea,KOR,2023-03-26,,44781426,44366998,,,,,86.42,85.62,,,79,0.0
South Korea,KOR,2023-03-27,,44781500,44367125,,,,,86.42,85.62,,,76,0.0
South Korea,KOR,2023-03-28,,44781595,44367265,,,,,86.42,85.62,,,76,0.0
South Korea,KOR,2023-03-29,,44781704,44367405,,,,,86.42,85.63,,,77,0.0
South Korea,KOR,2023-03-30,,44781807,44367544,,,,,86.42,85.63,,,77,0.0
South Korea,KOR,2023-03-31,,44781921,44367739,,,,,86.43,85.63,,,77,0.0
South Korea,KOR,2023-04-01,,44781971,44367824,,,,,86.43,85.63,,,78,0.0
South Korea,KOR,2023-04-02,,44781973,44367828,,,,,86.43,85.63,,,78,0.0
South Korea,KOR,2023-04-03,,44782038,44367938,,,,,86.43,85.63,,,77,0.0
South Korea,KOR,2023-04-04,,44782126,44368056,,,,,86.43,85.63,,,76,0.0
South Korea,KOR,2023-04-05,,44782213,44368176,,,,,86.43,85.63,,,73,0.0
South Korea,KOR,2023-04-06,,44782297,44368293,,,,,86.43,85.63,,,70,0.0
South Korea,KOR,2023-04-07,,44782403,44368453,,,,,86.43,85.63,,,69,0.0
South Korea,KOR,2023-04-08,,44782466,44368555,,,,,86.43,85.63,,,71,0.0
South Korea,KOR,2023-04-09,,44782469,44368558,,,,,86.43,85.63,,,71,0.0
South Korea,KOR,2023-04-10,,44782550,44368693,,,,,86.43,85.63,,,73,0.0
South Korea,KOR,2023-04-11,,44782624,44368823,,,,,86.43,85.63,,,71,0.0
South Korea,KOR,2023-04-12,,44782695,44368953,,,,,86.43,85.63,,,69,0.0
South Korea,KOR,2023-04-13,,44782770,44369083,,,,,86.43,85.63,,,68,0.0
South Korea,KOR,2023-04-14,,44782849,44369307,,,,,86.43,85.63,,,64,0.0
South Korea,KOR,2023-04-15,,44782915,44369383,,,,,86.43,85.63,,,64,0.0
South Korea,KOR,2023-04-16,,44782915,44369386,,,,,86.43,85.63,,,64,0.0
South Korea,KOR,2023-04-17,,44782986,44369482,,,,,86.43,85.63,,,62,0.0
South Korea,KOR,2023-04-18,,44783061,44369650,,,,,86.43,85.63,,,62,0.0
South Korea,KOR,2023-04-19,,44783159,44369850,,,,,86.43,85.63,,,66,0.0
South Korea,KOR,2023-04-20,,44783243,44370016,,,,,86.43,85.63,,,68,0.0
South Korea,KOR,2023-04-21,,44783347,44370232,,,,,86.43,85.63,,,71,0.0
South Korea,KOR,2023-04-22,,44783378,44370329,,,,,86.43,85.63,,,66,0.0
South Korea,KOR,2023-04-23,,44783382,44370333,,,,,86.43,85.63,,,67,0.0
South Korea,KOR,2023-04-24,,44783444,44370429,,,,,86.43,85.63,,,65,0.0
South Korea,KOR,2023-04-25,,44783499,44370558,,,,,86.43,85.63,,,63,0.0
South Korea,KOR,2023-04-26,,44783566,44370660,,,,,86.43,85.63,,,58,0.0
South Korea,KOR,2023-04-27,,44783639,44370795,,,,,86.43,85.63,,,57,0.0
South Korea,KOR,2023-04-28,,44783755,44371004,,,,,86.43,85.63,,,58,0.0
South Korea,KOR,2023-04-29,,44783806,44371071,,,,,86.43,85.63,,,61,0.0
South Korea,KOR,2023-04-30,,44783808,44371073,,,,,86.43,85.63,,,61,0.0
South Korea,KOR,2023-05-01,,44783850,44371158,,,,,86.43,85.63,,,58,0.0
South Korea,KOR,2023-05-02,,44783907,44371274,,,,,86.43,85.63,,,58,0.0
South Korea,KOR,2023-05-03,,44783944,44371408,,,,,86.43,85.63,,,54,0.0
South Korea,KOR,2023-05-04,,44784007,44371521,,,,,86.43,85.63,,,53,0.0
South Korea,KOR,2023-05-05,,44784011,44371530,,,,,86.43,85.63,,,37,0.0
South Korea,KOR,2023-05-06,,44784019,44371583,,,,,86.43,85.63,,,30,0.0
South Korea,KOR,2023-05-07,,44784020,44371584,,,,,86.43,85.63,,,30,0.0
South Korea,KOR,2023-05-08,,44784061,44371661,,,,,86.43,85.63,,,30,0.0
South Korea,KOR,2023-05-09,,44784099,44371755,,,,,86.43,85.63,,,27,0.0
South Korea,KOR,2023-05-10,,44784127,44371844,,,,,86.43,85.63,,,26,0.0
South Korea,KOR,2023-05-11,,44784174,44371901,,,,,86.43,85.63,,,24,0.0
South Korea,KOR,2023-05-12,,44784220,44372016,,,,,86.43,85.63,,,30,0.0
South Korea,KOR,2023-05-13,,44784231,44372073,,,,,86.43,85.63,,,30,0.0
South Korea,KOR,2023-05-14,,44784232,44372073,,,,,86.43,85.63,,,30,0.0
South Korea,KOR,2023-05-15,,44784272,44372123,,,,,86.43,85.63,,,30,0.0
South Korea,KOR,2023-05-16,,44784302,44372175,,,,,86.43,85.63,,,29,0.0
South Korea,KOR,2023-05-17,,44784328,44372247,,,,,86.43,85.63,,,29,0.0
South Korea,KOR,2023-05-18,,44784355,44372296,,,,,86.43,85.63,,,26,0.0
South Korea,KOR,2023-05-19,,44784379,44372370,,,,,86.43,85.63,,,23,0.0
South Korea,KOR,2023-05-20,,44784403,44372420,,,,,86.43,85.63,,,25,0.0
South Korea,KOR,2023-05-21,,44784404,44372420,,,,,86.43,85.63,,,25,0.0
South Korea,KOR,2023-05-22,,44784421,44372473,,,,,86.43,85.64,,,21,0.0
South Korea,KOR,2023-05-23,,44784442,44372521,,,,,86.43,85.64,,,20,0.0
South Korea,KOR,2023-05-24,,44784457,44372571,,,,,86.43,85.64,,,18,0.0
South Korea,KOR,2023-05-25,,44784477,44372624,,,,,86.43,85.64,,,17,0.0
South Korea,KOR,2023-05-26,,44784499,44372679,,,,,86.43,85.64,,,17,0.0
