week_idx,model,y_true,y_pred,residual
0,SVR-Linear,3.057143,nan,nan
1,SVR-Linear,3.500000,nan,nan
2,SVR-Linear,3.500000,nan,nan
3,SVR-Linear,3.400000,nan,nan
4,SVR-Linear,3.885714,nan,nan
5,SVR-Linear,4.400000,nan,nan
6,SVR-Linear,4.228571,nan,nan
7,SVR-Linear,5.514286,nan,nan
8,SVR-Linear,6.814286,nan,nan
9,SVR-Linear,8.014286,nan,nan
10,SVR-Linear,10.200000,nan,nan
11,SVR-Linear,13.871429,nan,nan
12,SVR-Linear,20.128571,nan,nan
13,SVR-Linear,30.400000,nan,nan
14,SVR-Linear,40.242857,nan,nan
15,SVR-Linear,54.000000,nan,nan
16,SVR-Linear,54.042857,nan,nan
17,SVR-Linear,53.342857,nan,nan
18,SVR-Linear,45.714286,nan,nan
19,SVR-Linear,40.385714,nan,nan
20,SVR-Linear,29.628571,nan,nan
21,SVR-Linear,17.228571,nan,nan
22,SVR-Linear,12.142857,nan,nan
23,SVR-Linear,9.000000,nan,nan
24,SVR-Linear,6.171429,nan,nan
25,SVR-Linear,3.657143,nan,nan
26,SVR-Linear,2.942857,nan,nan
27,SVR-Linear,3.042857,nan,nan
28,SVR-Linear,3.028571,nan,nan
29,SVR-Linear,2.600000,nan,nan
30,SVR-Linear,2.942857,nan,nan
31,SVR-Linear,2.057143,nan,nan
32,SVR-Linear,2.371429,nan,nan
33,SVR-Linear,1.557143,nan,nan
34,SVR-Linear,2.085714,nan,nan
35,SVR-Linear,2.057143,nan,nan
36,SVR-Linear,2.214286,nan,nan
37,SVR-Linear,2.400000,nan,nan
38,SVR-Linear,2.228571,nan,nan
39,SVR-Linear,1.714286,nan,nan
40,SVR-Linear,1.642857,nan,nan
41,SVR-Linear,1.457143,nan,nan
42,SVR-Linear,1.500000,nan,nan
43,SVR-Linear,1.514286,nan,nan
44,SVR-Linear,1.485714,nan,nan
45,SVR-Linear,2.228571,nan,nan
46,SVR-Linear,1.685714,nan,nan
47,SVR-Linear,1.957143,nan,nan
48,SVR-Linear,1.842857,nan,nan
49,SVR-Linear,2.314286,nan,nan
50,SVR-Linear,1.871429,nan,nan
51,SVR-Linear,1.585714,nan,nan
52,SVR-Linear,1.514286,nan,nan
53,SVR-Linear,1.857143,nan,nan
54,SVR-Linear,1.314286,nan,nan
55,SVR-Linear,1.471429,nan,nan
56,SVR-Linear,1.128571,nan,nan
57,SVR-Linear,1.171429,nan,nan
58,SVR-Linear,1.557143,nan,nan
59,SVR-Linear,1.642857,nan,nan
60,SVR-Linear,2.757143,nan,nan
61,SVR-Linear,2.928571,nan,nan
62,SVR-Linear,2.814286,nan,nan
63,SVR-Linear,2.314286,nan,nan
64,SVR-Linear,2.357143,nan,nan
65,SVR-Linear,2.385714,nan,nan
66,SVR-Linear,3.014286,nan,nan
67,SVR-Linear,2.085714,nan,nan
68,SVR-Linear,1.714286,nan,nan
69,SVR-Linear,2.071429,nan,nan
70,SVR-Linear,2.000000,nan,nan
71,SVR-Linear,1.800000,nan,nan
72,SVR-Linear,1.400000,nan,nan
73,SVR-Linear,1.414286,nan,nan
74,SVR-Linear,2.071429,nan,nan
75,SVR-Linear,1.500000,nan,nan
76,SVR-Linear,1.114286,nan,nan
77,SVR-Linear,1.471429,nan,nan
78,SVR-Linear,2.000000,nan,nan
79,SVR-Linear,1.757143,nan,nan
80,SVR-Linear,1.857143,nan,nan
81,SVR-Linear,1.985714,nan,nan
82,SVR-Linear,1.857143,nan,nan
83,SVR-Linear,1.900000,nan,nan
84,SVR-Linear,1.728571,nan,nan
85,SVR-Linear,1.471429,nan,nan
86,SVR-Linear,1.728571,nan,nan
87,SVR-Linear,1.842857,nan,nan
88,SVR-Linear,1.371429,nan,nan
89,SVR-Linear,1.657143,nan,nan
90,SVR-Linear,1.500000,nan,nan
91,SVR-Linear,1.500000,nan,nan
92,SVR-Linear,1.228571,nan,nan
93,SVR-Linear,1.842857,nan,nan
94,SVR-Linear,1.342857,nan,nan
95,SVR-Linear,1.628571,nan,nan
96,SVR-Linear,1.542857,nan,nan
97,SVR-Linear,1.685714,nan,nan
98,SVR-Linear,1.042857,nan,nan
99,SVR-Linear,1.457143,nan,nan
100,SVR-Linear,1.042857,nan,nan
101,SVR-Linear,1.071429,nan,nan
102,SVR-Linear,0.828571,nan,nan
103,SVR-Linear,1.028571,nan,nan
104,SVR-Linear,0.885714,nan,nan
105,SVR-Linear,1.057143,nan,nan
106,SVR-Linear,0.814286,nan,nan
107,SVR-Linear,0.842857,nan,nan
108,SVR-Linear,0.857143,nan,nan
109,SVR-Linear,1.071429,nan,nan
110,SVR-Linear,1.357143,nan,nan
111,SVR-Linear,1.742857,nan,nan
112,SVR-Linear,2.942857,nan,nan
113,SVR-Linear,3.428571,nan,nan
114,SVR-Linear,3.028571,nan,nan
115,SVR-Linear,2.900000,nan,nan
116,SVR-Linear,2.057143,nan,nan
117,SVR-Linear,2.100000,nan,nan
118,SVR-Linear,1.800000,nan,nan
119,SVR-Linear,1.700000,nan,nan
120,SVR-Linear,1.957143,1.840630,0.116513
121,SVR-Linear,1.314286,2.014812,-0.700526
122,SVR-Linear,1.371429,1.229160,0.142269
123,SVR-Linear,1.885714,1.303126,0.582589
124,SVR-Linear,1.942857,1.858938,0.083919
125,SVR-Linear,1.714286,2.030538,-0.316252
126,SVR-Linear,2.300000,1.689094,0.610906
127,SVR-Linear,3.342857,2.333854,1.009003
128,SVR-Linear,3.742857,3.448620,0.294238
129,SVR-Linear,3.528571,3.776956,-0.248385
130,SVR-Linear,3.828571,3.360283,0.468289
131,SVR-Linear,4.714286,3.622119,1.092167
132,SVR-Linear,4.214286,4.619693,-0.405407
133,SVR-Linear,4.028571,3.699051,0.329520
134,SVR-Linear,3.314286,3.594280,-0.279994
135,SVR-Linear,3.142857,2.558871,0.583986
136,SVR-Linear,2.785714,2.535435,0.250279
137,SVR-Linear,1.871429,2.009033,-0.137604
138,SVR-Linear,2.028571,1.028563,1.000009
139,SVR-Linear,1.857143,1.339066,0.518077
140,SVR-Linear,1.700000,1.256309,0.443691
141,SVR-Linear,1.814286,1.342923,0.471363
142,SVR-Linear,1.671429,1.412195,0.259233
143,SVR-Linear,1.657143,1.362590,0.294553
144,SVR-Linear,1.614286,1.492884,0.121402
145,SVR-Linear,1.957143,1.471799,0.485344
146,SVR-Linear,2.300000,1.812705,0.487295
147,SVR-Linear,2.614286,2.168269,0.446017
148,SVR-Linear,3.285714,2.503807,0.781907
149,SVR-Linear,3.585714,3.251003,0.334711
150,SVR-Linear,3.742857,3.637001,0.105856
151,SVR-Linear,3.428571,3.681683,-0.253111
152,SVR-Linear,4.214286,3.166288,1.047998
153,SVR-Linear,4.200000,3.913769,0.286231
154,SVR-Linear,4.471429,3.781761,0.689668
155,SVR-Linear,5.085714,4.152051,0.933664
156,SVR-Linear,5.600000,4.857476,0.742524
157,SVR-Linear,5.028571,5.431068,-0.402497
158,SVR-Linear,4.700000,4.599057,0.100943
159,SVR-Linear,6.114286,4.409824,1.704462
160,SVR-Linear,6.371429,5.988256,0.383173
161,SVR-Linear,6.442857,6.272870,0.169987
162,SVR-Linear,7.885714,6.409757,1.475957
163,SVR-Linear,9.942857,7.906439,2.036419
164,SVR-Linear,11.257143,10.330006,0.927137
165,SVR-Linear,14.885714,11.683980,3.201734
166,SVR-Linear,16.485714,15.665610,0.820104
167,SVR-Linear,18.071429,17.000087,1.071342
168,SVR-Linear,20.657143,18.649905,2.007238
169,SVR-Linear,37.214286,21.382083,15.832202
170,SVR-Linear,49.714286,42.171519,7.542767
171,SVR-Linear,60.900000,54.519107,6.380893
172,SVR-Linear,66.928571,67.841332,-0.912761
173,SVR-Linear,58.571429,69.687098,-11.115670
174,SVR-Linear,43.428571,53.676943,-10.248372
175,SVR-Linear,29.885714,33.684525,-3.798811
176,SVR-Linear,25.457143,18.319111,7.138032
177,SVR-Linear,18.300000,20.573620,-2.273620
178,SVR-Linear,15.200000,11.960178,3.239822
179,SVR-Linear,14.600000,12.515163,2.084837
180,SVR-Linear,11.271429,13.510507,-2.239079
181,SVR-Linear,11.400000,9.270387,2.129613
182,SVR-Linear,11.700000,11.040611,0.659389
183,SVR-Linear,11.500000,11.561910,-0.061910
184,SVR-Linear,12.557143,11.262124,1.295019
185,SVR-Linear,14.400000,12.805792,1.594208
186,SVR-Linear,16.085714,15.040164,1.045551
187,SVR-Linear,19.085714,16.810567,2.275147
188,SVR-Linear,20.857143,20.541138,0.316005
189,SVR-Linear,23.542857,21.746283,1.796574
190,SVR-Linear,26.314286,24.842171,1.472115
191,SVR-Linear,25.257143,27.580517,-2.323374
192,SVR-Linear,27.671429,24.448230,3.223198
193,SVR-Linear,27.714286,28.624572,-0.910286
194,SVR-Linear,23.857143,27.367867,-3.510724
195,SVR-Linear,19.514286,21.570360,-2.056074
196,SVR-Linear,17.685714,16.516593,1.169122
197,SVR-Linear,16.257143,16.427766,-0.170623
198,SVR-Linear,16.500000,15.065566,1.434434
199,SVR-Linear,17.085714,16.496673,0.589042
200,SVR-Linear,17.614286,17.444473,0.169813
201,SVR-Linear,18.300000,18.062574,0.237426
202,SVR-Linear,16.585714,18.867535,-2.281821
203,SVR-Linear,15.428571,15.579580,-0.151008
204,SVR-Linear,12.457143,14.571347,-2.114204
205,SVR-Linear,11.714286,10.601742,1.112543
206,SVR-Linear,10.771429,11.128680,-0.357251
207,SVR-Linear,9.985714,9.718219,0.267496
208,SVR-Linear,10.942857,9.336729,1.606128
209,SVR-Linear,13.300000,11.456867,1.843133
210,SVR-Linear,18.028571,14.696488,3.332083
211,SVR-Linear,20.500000,20.916238,-0.416238
212,SVR-Linear,14.800000,22.061530,-7.261530
213,SVR-Linear,17.042857,12.256379,4.786478
214,SVR-Linear,20.828571,18.556868,2.271703
215,SVR-Linear,34.314286,23.276466,11.037819
216,SVR-Linear,41.142857,42.386215,-1.243358
217,SVR-Linear,35.214286,45.209164,-9.994879
218,SVR-Linear,40.042857,33.173248,6.869609
219,SVR-Linear,50.014286,42.412380,7.601905
220,SVR-Linear,51.728571,54.562750,-2.834178
221,SVR-Linear,64.100000,52.766933,11.333067
222,SVR-Linear,57.971429,69.440047,-11.468618
223,SVR-Linear,45.371429,55.189059,-9.817630
224,SVR-Linear,54.457143,39.307254,15.149889
225,SVR-Linear,56.742857,55.729850,1.013008
226,SVR-Linear,49.657143,56.550749,-6.893606
227,SVR-Linear,39.228571,46.264797,-7.036225
228,SVR-Linear,32.328571,33.398335,-1.069764
229,SVR-Linear,29.514286,27.552311,1.961975
230,SVR-Linear,28.842857,27.154099,1.688759
231,SVR-Linear,24.542857,27.855765,-3.312908
232,SVR-Linear,18.685714,22.226811,-3.541096
233,SVR-Linear,15.200000,15.820070,-0.620070
234,SVR-Linear,14.242857,13.461913,0.780944
235,SVR-Linear,16.700000,13.947545,2.752455
236,SVR-Linear,14.628571,17.872365,-3.243793
237,SVR-Linear,15.100000,13.828794,1.271206
238,SVR-Linear,14.914286,15.727195,-0.812909
239,SVR-Linear,13.414286,15.002442,-1.588157
240,SVR-Linear,11.285714,12.772179,-1.486465
241,SVR-Linear,10.400000,10.166455,0.233545
242,SVR-Linear,9.071429,9.769779,-0.698350
243,SVR-Linear,8.742857,8.449753,0.293104
244,SVR-Linear,7.814286,8.565269,-0.750983
245,SVR-Linear,8.457143,7.298021,1.159122
246,SVR-Linear,8.257143,8.654362,-0.397219
247,SVR-Linear,7.542857,8.275669,-0.732811
248,SVR-Linear,6.957143,7.349004,-0.391861
249,SVR-Linear,6.600000,6.767520,-0.167520
250,SVR-Linear,6.528571,6.495152,0.033419
251,SVR-Linear,6.728571,6.597254,0.131317
252,SVR-Linear,7.157143,7.026317,0.130826
253,SVR-Linear,6.671429,7.638598,-0.967170
254,SVR-Linear,7.700000,6.727470,0.972530
255,SVR-Linear,8.585714,8.506756,0.078958
256,SVR-Linear,9.542857,9.132968,0.409889
257,SVR-Linear,9.514286,10.182162,-0.667876
258,SVR-Linear,9.742857,9.694079,0.048778
259,SVR-Linear,7.871429,10.130767,-2.259338
260,SVR-Linear,7.685714,7.125426,0.560289
261,SVR-Linear,5.300000,7.861306,-2.561306
262,SVR-Linear,6.185714,4.614447,1.571267
263,SVR-Linear,4.585714,7.223050,-2.637336
264,SVR-Linear,3.685714,4.793681,-1.107967
265,SVR-Linear,4.057143,3.781384,0.275759
266,SVR-Linear,4.142857,5.153240,-1.010383
267,SVR-Linear,4.114286,4.941280,-0.826994
268,SVR-Linear,3.885714,4.880756,-0.995041
269,SVR-Linear,4.042857,4.327731,-0.284874
270,SVR-Linear,4.828571,4.435117,0.393454
271,SVR-Linear,4.842857,5.729104,-0.886246
272,SVR-Linear,6.028571,4.980333,1.048238
273,SVR-Linear,7.642857,6.795353,0.847505
274,SVR-Linear,15.128571,8.735776,6.392795
275,SVR-Linear,33.657143,18.994752,14.662391
276,SVR-Linear,75.942857,42.459138,33.483719
277,SVR-Linear,100.700000,95.729860,4.970140
278,SVR-Linear,90.971429,113.520234,-22.548806
279,SVR-Linear,63.000000,83.545340,-20.545340
280,SVR-Linear,40.514286,45.139459,-4.625173
281,SVR-Linear,31.071429,26.683912,4.387517
282,SVR-Linear,16.228571,29.381120,-13.152549
283,SVR-Linear,14.171429,8.331465,5.839964
284,SVR-Linear,11.257143,14.999035,-3.741892
285,SVR-Linear,10.657143,10.476052,0.181091
286,SVR-Linear,10.128571,10.668145,-0.539573
287,SVR-Linear,13.571429,10.091005,3.480423
288,SVR-Linear,15.985714,15.262322,0.723392
289,SVR-Linear,19.300000,16.877005,2.422995
290,SVR-Linear,21.814286,20.451907,1.362378
291,SVR-Linear,27.828571,22.744112,5.084459
292,SVR-Linear,26.900000,30.392473,-3.492473
293,SVR-Linear,21.371429,25.191028,-3.819599
294,SVR-Linear,16.314286,16.999843,-0.685557
295,SVR-Linear,14.800000,13.139827,1.660173
296,SVR-Linear,12.242857,14.137978,-1.895121
297,SVR-Linear,9.000000,10.738544,-1.738544
298,SVR-Linear,7.814286,7.074483,0.739803
299,SVR-Linear,7.742857,7.661788,0.081069
300,SVR-Linear,6.442857,8.211932,-1.769075
301,SVR-Linear,6.457143,6.083762,0.373381
302,SVR-Linear,5.228571,6.957610,-1.729038
303,SVR-Linear,5.600000,5.048114,0.551886
304,SVR-Linear,5.657143,6.621194,-0.964051
305,SVR-Linear,5.785714,6.458368,-0.672654
306,SVR-Linear,5.642857,6.493201,-0.850344
307,SVR-Linear,6.371429,6.078793,0.292636
308,SVR-Linear,5.500000,7.312394,-1.812394
309,SVR-Linear,6.357143,5.478696,0.878447
310,SVR-Linear,6.685714,7.315278,-0.629563
311,SVR-Linear,7.342857,nan,nan
312,SVR-Linear,6.914286,nan,nan
313,SVR-Linear,7.371429,nan,nan
314,SVR-Linear,8.257143,nan,nan
315,SVR-Linear,9.414286,nan,nan
316,SVR-Linear,14.542857,nan,nan
317,SVR-Linear,15.342857,nan,nan
318,SVR-Linear,8.871429,nan,nan
319,SVR-Linear,16.385714,nan,nan
320,SVR-Linear,26.457143,nan,nan
321,SVR-Linear,55.728571,nan,nan
322,SVR-Linear,72.342857,nan,nan
323,SVR-Linear,81.600000,nan,nan
324,SVR-Linear,81.600000,nan,nan
325,SVR-Linear,69.300000,nan,nan
326,SVR-Linear,58.628571,nan,nan
327,SVR-Linear,49.614286,nan,nan
328,SVR-Linear,45.800000,nan,nan
329,SVR-Linear,44.185714,nan,nan
330,SVR-Linear,52.885714,nan,nan
331,SVR-Linear,56.671429,nan,nan
332,SVR-Linear,60.771429,nan,nan
333,SVR-Linear,57.485714,nan,nan
334,SVR-Linear,64.342857,nan,nan
335,SVR-Linear,60.742857,nan,nan
336,SVR-Linear,52.557143,nan,nan
0,ElasticNet,3.057143,nan,nan
1,ElasticNet,3.500000,nan,nan
2,ElasticNet,3.500000,nan,nan
3,ElasticNet,3.400000,nan,nan
4,ElasticNet,3.885714,nan,nan
5,ElasticNet,4.400000,nan,nan
6,ElasticNet,4.228571,nan,nan
7,ElasticNet,5.514286,nan,nan
8,ElasticNet,6.814286,nan,nan
9,ElasticNet,8.014286,nan,nan
10,ElasticNet,10.200000,nan,nan
11,ElasticNet,13.871429,nan,nan
12,ElasticNet,20.128571,nan,nan
13,ElasticNet,30.400000,nan,nan
14,ElasticNet,40.242857,nan,nan
15,ElasticNet,54.000000,nan,nan
16,ElasticNet,54.042857,nan,nan
17,ElasticNet,53.342857,nan,nan
18,ElasticNet,45.714286,nan,nan
19,ElasticNet,40.385714,nan,nan
20,ElasticNet,29.628571,nan,nan
21,ElasticNet,17.228571,nan,nan
22,ElasticNet,12.142857,nan,nan
23,ElasticNet,9.000000,nan,nan
24,ElasticNet,6.171429,nan,nan
25,ElasticNet,3.657143,nan,nan
26,ElasticNet,2.942857,nan,nan
27,ElasticNet,3.042857,nan,nan
28,ElasticNet,3.028571,nan,nan
29,ElasticNet,2.600000,nan,nan
30,ElasticNet,2.942857,nan,nan
31,ElasticNet,2.057143,nan,nan
32,ElasticNet,2.371429,nan,nan
33,ElasticNet,1.557143,nan,nan
34,ElasticNet,2.085714,nan,nan
35,ElasticNet,2.057143,nan,nan
36,ElasticNet,2.214286,nan,nan
37,ElasticNet,2.400000,nan,nan
38,ElasticNet,2.228571,nan,nan
39,ElasticNet,1.714286,nan,nan
40,ElasticNet,1.642857,nan,nan
41,ElasticNet,1.457143,nan,nan
42,ElasticNet,1.500000,nan,nan
43,ElasticNet,1.514286,nan,nan
44,ElasticNet,1.485714,nan,nan
45,ElasticNet,2.228571,nan,nan
46,ElasticNet,1.685714,nan,nan
47,ElasticNet,1.957143,nan,nan
48,ElasticNet,1.842857,nan,nan
49,ElasticNet,2.314286,nan,nan
50,ElasticNet,1.871429,nan,nan
51,ElasticNet,1.585714,nan,nan
52,ElasticNet,1.514286,nan,nan
53,ElasticNet,1.857143,nan,nan
54,ElasticNet,1.314286,nan,nan
55,ElasticNet,1.471429,nan,nan
56,ElasticNet,1.128571,nan,nan
57,ElasticNet,1.171429,nan,nan
58,ElasticNet,1.557143,nan,nan
59,ElasticNet,1.642857,nan,nan
60,ElasticNet,2.757143,nan,nan
61,ElasticNet,2.928571,nan,nan
62,ElasticNet,2.814286,nan,nan
63,ElasticNet,2.314286,nan,nan
64,ElasticNet,2.357143,nan,nan
65,ElasticNet,2.385714,nan,nan
66,ElasticNet,3.014286,nan,nan
67,ElasticNet,2.085714,nan,nan
68,ElasticNet,1.714286,nan,nan
69,ElasticNet,2.071429,nan,nan
70,ElasticNet,2.000000,nan,nan
71,ElasticNet,1.800000,nan,nan
72,ElasticNet,1.400000,nan,nan
73,ElasticNet,1.414286,nan,nan
74,ElasticNet,2.071429,nan,nan
75,ElasticNet,1.500000,nan,nan
76,ElasticNet,1.114286,nan,nan
77,ElasticNet,1.471429,nan,nan
78,ElasticNet,2.000000,nan,nan
79,ElasticNet,1.757143,nan,nan
80,ElasticNet,1.857143,nan,nan
81,ElasticNet,1.985714,nan,nan
82,ElasticNet,1.857143,nan,nan
83,ElasticNet,1.900000,nan,nan
84,ElasticNet,1.728571,nan,nan
85,ElasticNet,1.471429,nan,nan
86,ElasticNet,1.728571,nan,nan
87,ElasticNet,1.842857,nan,nan
88,ElasticNet,1.371429,nan,nan
89,ElasticNet,1.657143,nan,nan
90,ElasticNet,1.500000,nan,nan
91,ElasticNet,1.500000,nan,nan
92,ElasticNet,1.228571,nan,nan
93,ElasticNet,1.842857,nan,nan
94,ElasticNet,1.342857,nan,nan
95,ElasticNet,1.628571,nan,nan
96,ElasticNet,1.542857,nan,nan
97,ElasticNet,1.685714,nan,nan
98,ElasticNet,1.042857,nan,nan
99,ElasticNet,1.457143,nan,nan
100,ElasticNet,1.042857,nan,nan
101,ElasticNet,1.071429,nan,nan
102,ElasticNet,0.828571,nan,nan
103,ElasticNet,1.028571,nan,nan
104,ElasticNet,0.885714,nan,nan
105,ElasticNet,1.057143,nan,nan
106,ElasticNet,0.814286,nan,nan
107,ElasticNet,0.842857,nan,nan
108,ElasticNet,0.857143,nan,nan
109,ElasticNet,1.071429,nan,nan
110,ElasticNet,1.357143,nan,nan
111,ElasticNet,1.742857,nan,nan
112,ElasticNet,2.942857,nan,nan
113,ElasticNet,3.428571,nan,nan
114,ElasticNet,3.028571,nan,nan
115,ElasticNet,2.900000,nan,nan
116,ElasticNet,2.057143,nan,nan
117,ElasticNet,2.100000,nan,nan
118,ElasticNet,1.800000,nan,nan
119,ElasticNet,1.700000,nan,nan
120,ElasticNet,1.957143,4.145467,-2.188324
121,ElasticNet,1.314286,3.791827,-2.477541
122,ElasticNet,1.371429,2.375975,-1.004546
123,ElasticNet,1.885714,2.172631,-0.286917
124,ElasticNet,1.942857,2.464309,-0.521451
125,ElasticNet,1.714286,1.992937,-0.278651
126,ElasticNet,2.300000,1.438058,0.861942
127,ElasticNet,3.342857,2.034434,1.308423
128,ElasticNet,3.742857,3.223753,0.519104
129,ElasticNet,3.528571,3.072917,0.455655
130,ElasticNet,3.828571,2.652810,1.175761
131,ElasticNet,4.714286,2.979165,1.735121
132,ElasticNet,4.214286,4.111500,0.102786
133,ElasticNet,4.028571,2.947686,1.080886
134,ElasticNet,3.314286,2.895216,0.419069
135,ElasticNet,3.142857,1.914062,1.228795
136,ElasticNet,2.785714,2.011991,0.773723
137,ElasticNet,1.871429,1.289117,0.582312
138,ElasticNet,2.028571,0.378582,1.649989
139,ElasticNet,1.857143,0.814982,1.042161
140,ElasticNet,1.700000,0.680729,1.019271
141,ElasticNet,1.814286,0.699038,1.115248
142,ElasticNet,1.671429,0.704509,0.966920
143,ElasticNet,1.657143,0.620007,1.037136
144,ElasticNet,1.614286,0.750877,0.863408
145,ElasticNet,1.957143,0.731410,1.225733
146,ElasticNet,2.300000,1.355056,0.944944
147,ElasticNet,2.614286,1.826367,0.787919
148,ElasticNet,3.285714,2.228703,1.057012
149,ElasticNet,3.585714,2.982303,0.603412
150,ElasticNet,3.742857,3.396425,0.346432
151,ElasticNet,3.428571,3.392844,0.035727
152,ElasticNet,4.214286,2.739340,1.474945
153,ElasticNet,4.200000,3.641248,0.558752
154,ElasticNet,4.471429,3.332082,1.139347
155,ElasticNet,5.085714,3.455876,1.629839
156,ElasticNet,5.600000,4.030255,1.569745
157,ElasticNet,5.028571,4.551542,0.477029
158,ElasticNet,4.700000,3.658851,1.041149
159,ElasticNet,6.114286,3.623927,2.490359
160,ElasticNet,6.371429,5.587785,0.783644
161,ElasticNet,6.442857,5.885090,0.557767
162,ElasticNet,7.885714,6.151947,1.733767
163,ElasticNet,9.942857,7.976591,1.966266
164,ElasticNet,11.257143,10.797260,0.459883
165,ElasticNet,14.885714,12.238358,2.647357
166,ElasticNet,16.485714,16.647207,-0.161493
167,ElasticNet,18.071429,17.691677,0.379751
168,ElasticNet,20.657143,19.340292,1.316851
169,ElasticNet,37.214286,21.715740,15.498546
170,ElasticNet,49.714286,43.427406,6.286879
171,ElasticNet,60.900000,56.360832,4.539168
172,ElasticNet,66.928571,67.936317,-1.007746
173,ElasticNet,58.571429,69.882164,-11.310735
174,ElasticNet,43.428571,52.509945,-9.081373
175,ElasticNet,29.885714,31.324600,-1.438886
176,ElasticNet,25.457143,17.642937,7.814206
177,ElasticNet,18.300000,19.535181,-1.235181
178,ElasticNet,15.200000,11.904604,3.295396
179,ElasticNet,14.600000,11.637897,2.962103
180,ElasticNet,11.271429,12.579530,-1.308101
181,ElasticNet,11.400000,8.212567,3.187433
182,ElasticNet,11.700000,10.353109,1.346891
183,ElasticNet,11.500000,10.931256,0.568744
184,ElasticNet,12.557143,10.902042,1.655100
185,ElasticNet,14.400000,12.441473,1.958527
186,ElasticNet,16.085714,14.781665,1.304049
187,ElasticNet,19.085714,16.411339,2.674375
188,ElasticNet,20.857143,19.897797,0.959346
189,ElasticNet,23.542857,20.807606,2.735251
190,ElasticNet,26.314286,23.695776,2.618510
191,ElasticNet,25.257143,26.212814,-0.955671
192,ElasticNet,27.671429,23.174610,4.496818
193,ElasticNet,27.714286,26.984604,0.729682
194,ElasticNet,23.857143,25.793716,-1.936574
195,ElasticNet,19.514286,20.308342,-0.794056
196,ElasticNet,17.685714,15.774511,1.911203
197,ElasticNet,16.257143,15.265203,0.991939
198,ElasticNet,16.500000,14.420574,2.079426
199,ElasticNet,17.085714,15.834711,1.251003
200,ElasticNet,17.614286,16.782629,0.831657
201,ElasticNet,18.300000,17.435108,0.864892
202,ElasticNet,16.585714,18.200737,-1.615023
203,ElasticNet,15.428571,15.453755,-0.025184
204,ElasticNet,12.457143,14.390311,-1.933168
205,ElasticNet,11.714286,10.461297,1.252989
206,ElasticNet,10.771429,10.615820,0.155609
207,ElasticNet,9.985714,9.550200,0.435515
208,ElasticNet,10.942857,9.103752,1.839105
209,ElasticNet,13.300000,10.780764,2.519236
210,ElasticNet,18.028571,13.769375,4.259197
211,ElasticNet,20.500000,19.599142,0.900858
212,ElasticNet,14.800000,21.168491,-6.368491
213,ElasticNet,17.042857,11.969206,5.073651
214,ElasticNet,20.828571,17.861217,2.967354
215,ElasticNet,34.314286,22.527521,11.786765
216,ElasticNet,41.142857,41.222729,-0.079872
217,ElasticNet,35.214286,44.686497,-9.472211
218,ElasticNet,40.042857,32.586246,7.456611
219,ElasticNet,50.014286,42.303223,7.711063
220,ElasticNet,51.728571,54.421440,-2.692869
221,ElasticNet,64.100000,51.844082,12.255918
222,ElasticNet,57.971429,68.805321,-10.833892
223,ElasticNet,45.371429,53.879913,-8.508485
224,ElasticNet,54.457143,36.937031,17.520112
225,ElasticNet,56.742857,53.038940,3.703917
226,ElasticNet,49.657143,54.429024,-4.771881
227,ElasticNet,39.228571,45.296421,-6.067850
228,ElasticNet,32.328571,33.060093,-0.731521
229,ElasticNet,29.514286,26.895296,2.618990
230,ElasticNet,28.842857,25.633366,3.209492
231,ElasticNet,24.542857,26.197086,-1.654229
232,ElasticNet,18.685714,21.562992,-2.877278
233,ElasticNet,15.200000,15.747316,-0.547316
234,ElasticNet,14.242857,13.573396,0.669461
235,ElasticNet,16.700000,13.793194,2.906806
236,ElasticNet,14.628571,17.615173,-2.986602
237,ElasticNet,15.100000,14.614395,0.485605
238,ElasticNet,14.914286,16.299212,-1.384926
239,ElasticNet,13.414286,15.688437,-2.274151
240,ElasticNet,11.285714,13.711914,-2.426200
241,ElasticNet,10.400000,11.064198,-0.664198
242,ElasticNet,9.071429,10.125710,-1.054281
243,ElasticNet,8.742857,8.978520,-0.235663
244,ElasticNet,7.814286,8.616194,-0.801908
245,ElasticNet,8.457143,7.288812,1.168331
246,ElasticNet,8.257143,8.310683,-0.053540
247,ElasticNet,7.542857,8.349822,-0.806965
248,ElasticNet,6.957143,7.555533,-0.598391
249,ElasticNet,6.600000,7.061286,-0.461286
250,ElasticNet,6.528571,6.871586,-0.343014
251,ElasticNet,6.728571,7.251362,-0.522790
252,ElasticNet,7.157143,7.634361,-0.477218
253,ElasticNet,6.671429,8.183972,-1.512544
254,ElasticNet,7.700000,7.501295,0.198705
255,ElasticNet,8.585714,8.877248,-0.291534
256,ElasticNet,9.542857,9.620641,-0.077784
257,ElasticNet,9.514286,10.463644,-0.949358
258,ElasticNet,9.742857,9.987438,-0.244581
259,ElasticNet,7.871429,10.116524,-2.245095
260,ElasticNet,7.685714,7.755615,-0.069901
261,ElasticNet,5.300000,7.965552,-2.665552
262,ElasticNet,6.185714,5.042083,1.143631
263,ElasticNet,4.585714,7.079206,-2.493491
264,ElasticNet,3.685714,5.333476,-1.647762
265,ElasticNet,4.057143,4.839134,-0.781991
266,ElasticNet,4.142857,5.990158,-1.847300
267,ElasticNet,4.114286,6.354006,-2.239721
268,ElasticNet,3.885714,6.692399,-2.806684
269,ElasticNet,4.042857,6.696407,-2.653550
270,ElasticNet,4.828571,7.146908,-2.318336
271,ElasticNet,4.842857,7.970418,-3.127561
272,ElasticNet,6.028571,7.665217,-1.636646
273,ElasticNet,7.642857,8.304935,-0.662078
274,ElasticNet,15.128571,9.856584,5.271988
275,ElasticNet,33.657143,18.928467,14.728676
276,ElasticNet,75.942857,40.073441,35.869417
277,ElasticNet,100.700000,96.188072,4.511928
278,ElasticNet,90.971429,111.328362,-20.356933
279,ElasticNet,63.000000,78.818336,-15.818336
280,ElasticNet,40.514286,42.427555,-1.913269
281,ElasticNet,31.071429,28.962309,2.109120
282,ElasticNet,16.228571,27.548716,-11.320144
283,ElasticNet,14.171429,8.803410,5.368019
284,ElasticNet,11.257143,13.918350,-2.661207
285,ElasticNet,10.657143,10.668331,-0.011188
286,ElasticNet,10.128571,10.440235,-0.311664
287,ElasticNet,13.571429,10.257097,3.314331
288,ElasticNet,15.985714,15.814139,0.171575
289,ElasticNet,19.300000,17.537687,1.762313
290,ElasticNet,21.814286,21.103241,0.711045
291,ElasticNet,27.828571,23.188101,4.640471
292,ElasticNet,26.900000,30.483042,-3.583042
293,ElasticNet,21.371429,25.555214,-4.183785
294,ElasticNet,16.314286,17.919722,-1.605436
295,ElasticNet,14.800000,14.698262,0.101738
296,ElasticNet,12.242857,14.909600,-2.666743
297,ElasticNet,9.000000,11.219336,-2.219336
298,ElasticNet,7.814286,7.248348,0.565937
299,ElasticNet,7.742857,8.442615,-0.699757
300,ElasticNet,6.442857,8.486344,-2.043487
301,ElasticNet,6.457143,6.173017,0.284126
302,ElasticNet,5.228571,6.681919,-1.453348
303,ElasticNet,5.600000,4.716244,0.883756
304,ElasticNet,5.657143,7.422014,-1.764871
305,ElasticNet,5.785714,7.116269,-1.330554
306,ElasticNet,5.642857,6.990613,-1.347756
307,ElasticNet,6.371429,6.452112,-0.080684
308,ElasticNet,5.500000,8.571225,-3.071225
309,ElasticNet,6.357143,6.482493,-0.125351
310,ElasticNet,6.685714,7.790727,-1.105013
311,ElasticNet,7.342857,nan,nan
312,ElasticNet,6.914286,nan,nan
313,ElasticNet,7.371429,nan,nan
314,ElasticNet,8.257143,nan,nan
315,ElasticNet,9.414286,nan,nan
316,ElasticNet,14.542857,nan,nan
317,ElasticNet,15.342857,nan,nan
318,ElasticNet,8.871429,nan,nan
319,ElasticNet,16.385714,nan,nan
320,ElasticNet,26.457143,nan,nan
321,ElasticNet,55.728571,nan,nan
322,ElasticNet,72.342857,nan,nan
323,ElasticNet,81.600000,nan,nan
324,ElasticNet,81.600000,nan,nan
325,ElasticNet,69.300000,nan,nan
326,ElasticNet,58.628571,nan,nan
327,ElasticNet,49.614286,nan,nan
328,ElasticNet,45.800000,nan,nan
329,ElasticNet,44.185714,nan,nan
330,ElasticNet,52.885714,nan,nan
331,ElasticNet,56.671429,nan,nan
332,ElasticNet,60.771429,nan,nan
333,ElasticNet,57.485714,nan,nan
334,ElasticNet,64.342857,nan,nan
335,ElasticNet,60.742857,nan,nan
336,ElasticNet,52.557143,nan,nan
0,KRR,3.057143,nan,nan
1,KRR,3.500000,nan,nan
2,KRR,3.500000,nan,nan
3,KRR,3.400000,nan,nan
4,KRR,3.885714,nan,nan
5,KRR,4.400000,nan,nan
6,KRR,4.228571,nan,nan
7,KRR,5.514286,nan,nan
8,KRR,6.814286,nan,nan
9,KRR,8.014286,nan,nan
10,KRR,10.200000,nan,nan
11,KRR,13.871429,nan,nan
12,KRR,20.128571,nan,nan
13,KRR,30.400000,nan,nan
14,KRR,40.242857,nan,nan
15,KRR,54.000000,nan,nan
16,KRR,54.042857,nan,nan
17,KRR,53.342857,nan,nan
18,KRR,45.714286,nan,nan
19,KRR,40.385714,nan,nan
20,KRR,29.628571,nan,nan
21,KRR,17.228571,nan,nan
22,KRR,12.142857,nan,nan
23,KRR,9.000000,nan,nan
24,KRR,6.171429,nan,nan
25,KRR,3.657143,nan,nan
26,KRR,2.942857,nan,nan
27,KRR,3.042857,nan,nan
28,KRR,3.028571,nan,nan
29,KRR,2.600000,nan,nan
30,KRR,2.942857,nan,nan
31,KRR,2.057143,nan,nan
32,KRR,2.371429,nan,nan
33,KRR,1.557143,nan,nan
34,KRR,2.085714,nan,nan
35,KRR,2.057143,nan,nan
36,KRR,2.214286,nan,nan
37,KRR,2.400000,nan,nan
38,KRR,2.228571,nan,nan
39,KRR,1.714286,nan,nan
40,KRR,1.642857,nan,nan
41,KRR,1.457143,nan,nan
42,KRR,1.500000,nan,nan
43,KRR,1.514286,nan,nan
44,KRR,1.485714,nan,nan
45,KRR,2.228571,nan,nan
46,KRR,1.685714,nan,nan
47,KRR,1.957143,nan,nan
48,KRR,1.842857,nan,nan
49,KRR,2.314286,nan,nan
50,KRR,1.871429,nan,nan
51,KRR,1.585714,nan,nan
52,KRR,1.514286,nan,nan
53,KRR,1.857143,nan,nan
54,KRR,1.314286,nan,nan
55,KRR,1.471429,nan,nan
56,KRR,1.128571,nan,nan
57,KRR,1.171429,nan,nan
58,KRR,1.557143,nan,nan
59,KRR,1.642857,nan,nan
60,KRR,2.757143,nan,nan
61,KRR,2.928571,nan,nan
62,KRR,2.814286,nan,nan
63,KRR,2.314286,nan,nan
64,KRR,2.357143,nan,nan
65,KRR,2.385714,nan,nan
66,KRR,3.014286,nan,nan
67,KRR,2.085714,nan,nan
68,KRR,1.714286,nan,nan
69,KRR,2.071429,nan,nan
70,KRR,2.000000,nan,nan
71,KRR,1.800000,nan,nan
72,KRR,1.400000,nan,nan
73,KRR,1.414286,nan,nan
74,KRR,2.071429,nan,nan
75,KRR,1.500000,nan,nan
76,KRR,1.114286,nan,nan
77,KRR,1.471429,nan,nan
78,KRR,2.000000,nan,nan
79,KRR,1.757143,nan,nan
80,KRR,1.857143,nan,nan
81,KRR,1.985714,nan,nan
82,KRR,1.857143,nan,nan
83,KRR,1.900000,nan,nan
84,KRR,1.728571,nan,nan
85,KRR,1.471429,nan,nan
86,KRR,1.728571,nan,nan
87,KRR,1.842857,nan,nan
88,KRR,1.371429,nan,nan
89,KRR,1.657143,nan,nan
90,KRR,1.500000,nan,nan
91,KRR,1.500000,nan,nan
92,KRR,1.228571,nan,nan
93,KRR,1.842857,nan,nan
94,KRR,1.342857,nan,nan
95,KRR,1.628571,nan,nan
96,KRR,1.542857,nan,nan
97,KRR,1.685714,nan,nan
98,KRR,1.042857,nan,nan
99,KRR,1.457143,nan,nan
100,KRR,1.042857,nan,nan
101,KRR,1.071429,nan,nan
102,KRR,0.828571,nan,nan
103,KRR,1.028571,nan,nan
104,KRR,0.885714,nan,nan
105,KRR,1.057143,nan,nan
106,KRR,0.814286,nan,nan
107,KRR,0.842857,nan,nan
108,KRR,0.857143,nan,nan
109,KRR,1.071429,nan,nan
110,KRR,1.357143,nan,nan
111,KRR,1.742857,nan,nan
112,KRR,2.942857,nan,nan
113,KRR,3.428571,nan,nan
114,KRR,3.028571,nan,nan
115,KRR,2.900000,nan,nan
116,KRR,2.057143,nan,nan
117,KRR,2.100000,nan,nan
118,KRR,1.800000,nan,nan
119,KRR,1.700000,nan,nan
120,KRR,1.957143,2.406408,-0.449265
121,KRR,1.314286,2.079760,-0.765474
122,KRR,1.371429,1.513448,-0.142019
123,KRR,1.885714,1.185457,0.700258
124,KRR,1.942857,1.269226,0.673631
125,KRR,1.714286,1.174343,0.539943
126,KRR,2.300000,1.169502,1.130498
127,KRR,3.342857,1.379565,1.963292
128,KRR,3.742857,1.806095,1.936763
129,KRR,3.528571,1.961085,1.567487
130,KRR,3.828571,2.166186,1.662385
131,KRR,4.714286,2.375402,2.338883
132,KRR,4.214286,2.721711,1.492575
133,KRR,4.028571,2.514638,1.513934
134,KRR,3.314286,2.525018,0.789267
135,KRR,3.142857,2.329031,0.813826
136,KRR,2.785714,2.123235,0.662480
137,KRR,1.871429,1.806753,0.064675
138,KRR,2.028571,1.543026,0.485546
139,KRR,1.857143,1.477620,0.379523
140,KRR,1.700000,1.463119,0.236881
141,KRR,1.814286,1.401197,0.413089
142,KRR,1.671429,1.331651,0.339777
143,KRR,1.657143,1.346269,0.310873
144,KRR,1.614286,1.360293,0.253993
145,KRR,1.957143,1.361563,0.595580
146,KRR,2.300000,1.352324,0.947676
147,KRR,2.614286,1.512693,1.101593
148,KRR,3.285714,1.655227,1.630487
149,KRR,3.585714,1.869731,1.715984
150,KRR,3.742857,2.002713,1.740144
151,KRR,3.428571,2.122745,1.305826
152,KRR,4.214286,2.081722,2.132564
153,KRR,4.200000,2.209489,1.990511
154,KRR,4.471429,2.298538,2.172891
155,KRR,5.085714,1.862899,3.222816
156,KRR,5.600000,2.379837,3.220163
157,KRR,5.028571,2.723754,2.304818
158,KRR,4.700000,2.767103,1.932897
159,KRR,6.114286,2.569354,3.544932
160,KRR,6.371429,3.123619,3.247809
161,KRR,6.442857,3.616625,2.826232
162,KRR,7.885714,3.943459,3.942255
163,KRR,9.942857,4.785486,5.157371
164,KRR,11.257143,5.956417,5.300726
165,KRR,14.885714,7.489619,7.396095
166,KRR,16.485714,10.275355,6.210359
167,KRR,18.071429,13.004971,5.066458
168,KRR,20.657143,15.038883,5.618260
169,KRR,37.214286,17.766204,19.448081
170,KRR,49.714286,25.396924,24.317362
171,KRR,60.900000,30.457635,30.442365
172,KRR,66.928571,31.479270,35.449301
173,KRR,58.571429,30.480068,28.091361
174,KRR,43.428571,30.641287,12.787284
175,KRR,29.885714,24.544748,5.340966
176,KRR,25.457143,15.784380,9.672763
177,KRR,18.300000,15.927876,2.372124
178,KRR,15.200000,14.302442,0.897558
179,KRR,14.600000,11.264925,3.335075
180,KRR,11.271429,10.662242,0.609187
181,KRR,11.400000,8.327766,3.072234
182,KRR,11.700000,8.192112,3.507888
183,KRR,11.500000,8.728057,2.771943
184,KRR,12.557143,8.742459,3.814684
185,KRR,14.400000,8.545962,5.854038
186,KRR,16.085714,9.946417,6.139298
187,KRR,19.085714,11.406345,7.679369
188,KRR,20.857143,13.711550,7.145593
189,KRR,23.542857,14.663678,8.879179
190,KRR,26.314286,17.277973,9.036312
191,KRR,25.257143,19.810887,5.446256
192,KRR,27.671429,20.008550,7.662879
193,KRR,27.714286,20.865354,6.848932
194,KRR,23.857143,20.125315,3.731828
195,KRR,19.514286,18.820130,0.694155
196,KRR,17.685714,15.905521,1.780193
197,KRR,16.257143,14.031404,2.225739
198,KRR,16.500000,12.631821,3.868179
199,KRR,17.085714,12.730888,4.354826
200,KRR,17.614286,13.438551,4.175735
201,KRR,18.300000,14.202076,4.097924
202,KRR,16.585714,15.146970,1.438744
203,KRR,15.428571,14.710594,0.717977
204,KRR,12.457143,13.741593,-1.284451
205,KRR,11.714286,11.840377,-0.126091
206,KRR,10.771429,10.305942,0.465487
207,KRR,9.985714,9.468742,0.516972
208,KRR,10.942857,8.217574,2.725284
209,KRR,13.300000,8.663036,4.636964
210,KRR,18.028571,10.066307,7.962265
211,KRR,20.500000,12.850214,7.649786
212,KRR,14.800000,15.835365,-1.035365
213,KRR,17.042857,14.511003,2.531854
214,KRR,20.828571,14.902361,5.926210
215,KRR,34.314286,17.343323,16.970962
216,KRR,41.142857,23.136808,18.006049
217,KRR,35.214286,28.675740,6.538546
218,KRR,40.042857,29.447911,10.594946
219,KRR,50.014286,31.413726,18.600560
220,KRR,51.728571,33.300895,18.427676
221,KRR,64.100000,21.724042,42.375958
222,KRR,57.971429,24.552810,33.418619
223,KRR,45.371429,23.927633,21.443795
224,KRR,54.457143,25.426435,29.030708
225,KRR,56.742857,30.859442,25.883415
226,KRR,49.657143,42.164723,7.492420
227,KRR,39.228571,42.902798,-3.674227
228,KRR,32.328571,32.742143,-0.413572
229,KRR,29.514286,24.508245,5.006041
230,KRR,28.842857,21.154934,7.687923
231,KRR,24.542857,21.897509,2.645348
232,KRR,18.685714,20.293706,-1.607992
233,KRR,15.200000,17.310881,-2.110881
234,KRR,14.242857,14.747551,-0.504694
235,KRR,16.700000,14.180619,2.519381
236,KRR,14.628571,15.416074,-0.787503
237,KRR,15.100000,15.339106,-0.239106
238,KRR,14.914286,15.318015,-0.403729
239,KRR,13.414286,15.809835,-2.395549
240,KRR,11.285714,14.427779,-3.142065
241,KRR,10.400000,12.229624,-1.829624
242,KRR,9.071429,10.301340,-1.229911
243,KRR,8.742857,9.405470,-0.662612
244,KRR,7.814286,7.858470,-0.044184
245,KRR,8.457143,7.234364,1.222779
246,KRR,8.257143,7.770652,0.486491
247,KRR,7.542857,8.492425,-0.949568
248,KRR,6.957143,7.925845,-0.968702
249,KRR,6.600000,7.676052,-1.076052
250,KRR,6.528571,7.351355,-0.822784
251,KRR,6.728571,7.466744,-0.738172
252,KRR,7.157143,7.319126,-0.161983
253,KRR,6.671429,7.287436,-0.616007
254,KRR,7.700000,7.063181,0.636819
255,KRR,8.585714,7.222192,1.363522
256,KRR,9.542857,7.983397,1.559460
257,KRR,9.514286,8.509332,1.004954
258,KRR,9.742857,9.078266,0.664591
259,KRR,7.871429,9.604707,-1.733278
260,KRR,7.685714,9.492504,-1.806790
261,KRR,5.300000,9.184263,-3.884263
262,KRR,6.185714,8.013083,-1.827369
263,KRR,4.585714,7.498873,-2.913159
264,KRR,3.685714,7.733177,-4.047463
265,KRR,4.057143,6.237774,-2.180631
266,KRR,4.142857,6.428564,-2.285707
267,KRR,4.114286,4.770362,-0.656076
268,KRR,3.885714,3.942829,-0.057114
269,KRR,4.042857,4.632020,-0.589163
270,KRR,4.828571,4.005309,0.823262
271,KRR,4.842857,3.693402,1.149456
272,KRR,6.028571,4.188316,1.840255
273,KRR,7.642857,4.277511,3.365346
274,KRR,15.128571,6.662949,8.465622
275,KRR,33.657143,12.935182,20.721960
276,KRR,75.942857,25.271100,50.671757
277,KRR,100.700000,32.134303,68.565697
278,KRR,90.971429,22.772998,68.198430
279,KRR,63.000000,31.917013,31.082987
280,KRR,40.514286,18.072268,22.442018
281,KRR,31.071429,12.782408,18.289020
282,KRR,16.228571,16.838239,-0.609667
283,KRR,14.171429,15.071756,-0.900327
284,KRR,11.257143,13.636202,-2.379059
285,KRR,10.657143,11.936853,-1.279710
286,KRR,10.128571,10.468865,-0.340294
287,KRR,13.571429,10.265202,3.306226
288,KRR,15.985714,11.923470,4.062244
289,KRR,19.300000,14.261343,5.038657
290,KRR,21.814286,16.832643,4.981642
291,KRR,27.828571,19.193736,8.634835
292,KRR,26.900000,23.518686,3.381314
293,KRR,21.371429,25.111617,-3.740188
294,KRR,16.314286,22.219033,-5.904747
295,KRR,14.800000,17.835310,-3.035310
296,KRR,12.242857,15.344879,-3.102022
297,KRR,9.000000,12.891191,-3.891191
298,KRR,7.814286,9.681166,-1.866880
299,KRR,7.742857,8.164680,-0.421822
300,KRR,6.442857,7.560928,-1.118070
301,KRR,6.457143,6.754795,-0.297653
302,KRR,5.228571,6.635956,-1.407384
303,KRR,5.600000,6.447407,-0.847407
304,KRR,5.657143,6.641197,-0.984055
305,KRR,5.785714,6.822570,-1.036855
306,KRR,5.642857,6.665922,-1.023065
307,KRR,6.371429,6.564133,-0.192704
308,KRR,5.500000,6.768670,-1.268670
309,KRR,6.357143,6.335838,0.021304
310,KRR,6.685714,6.300050,0.385664
311,KRR,7.342857,nan,nan
312,KRR,6.914286,nan,nan
313,KRR,7.371429,nan,nan
314,KRR,8.257143,nan,nan
315,KRR,9.414286,nan,nan
316,KRR,14.542857,nan,nan
317,KRR,15.342857,nan,nan
318,KRR,8.871429,nan,nan
319,KRR,16.385714,nan,nan
320,KRR,26.457143,nan,nan
321,KRR,55.728571,nan,nan
322,KRR,72.342857,nan,nan
323,KRR,81.600000,nan,nan
324,KRR,81.600000,nan,nan
325,KRR,69.300000,nan,nan
326,KRR,58.628571,nan,nan
327,KRR,49.614286,nan,nan
328,KRR,45.800000,nan,nan
329,KRR,44.185714,nan,nan
330,KRR,52.885714,nan,nan
331,KRR,56.671429,nan,nan
332,KRR,60.771429,nan,nan
333,KRR,57.485714,nan,nan
334,KRR,64.342857,nan,nan
335,KRR,60.742857,nan,nan
336,KRR,52.557143,nan,nan
0,RandomForest,3.057143,nan,nan
1,RandomForest,3.500000,nan,nan
2,RandomForest,3.500000,nan,nan
3,RandomForest,3.400000,nan,nan
4,RandomForest,3.885714,nan,nan
5,RandomForest,4.400000,nan,nan
6,RandomForest,4.228571,nan,nan
7,RandomForest,5.514286,nan,nan
8,RandomForest,6.814286,nan,nan
9,RandomForest,8.014286,nan,nan
10,RandomForest,10.200000,nan,nan
11,RandomForest,13.871429,nan,nan
12,RandomForest,20.128571,nan,nan
13,RandomForest,30.400000,nan,nan
14,RandomForest,40.242857,nan,nan
15,RandomForest,54.000000,nan,nan
16,RandomForest,54.042857,nan,nan
17,RandomForest,53.342857,nan,nan
18,RandomForest,45.714286,nan,nan
19,RandomForest,40.385714,nan,nan
20,RandomForest,29.628571,nan,nan
21,RandomForest,17.228571,nan,nan
22,RandomForest,12.142857,nan,nan
23,RandomForest,9.000000,nan,nan
24,RandomForest,6.171429,nan,nan
25,RandomForest,3.657143,nan,nan
26,RandomForest,2.942857,nan,nan
27,RandomForest,3.042857,nan,nan
28,RandomForest,3.028571,nan,nan
29,RandomForest,2.600000,nan,nan
30,RandomForest,2.942857,nan,nan
31,RandomForest,2.057143,nan,nan
32,RandomForest,2.371429,nan,nan
33,RandomForest,1.557143,nan,nan
34,RandomForest,2.085714,nan,nan
35,RandomForest,2.057143,nan,nan
36,RandomForest,2.214286,nan,nan
37,RandomForest,2.400000,nan,nan
38,RandomForest,2.228571,nan,nan
39,RandomForest,1.714286,nan,nan
40,RandomForest,1.642857,nan,nan
41,RandomForest,1.457143,nan,nan
42,RandomForest,1.500000,nan,nan
43,RandomForest,1.514286,nan,nan
44,RandomForest,1.485714,nan,nan
45,RandomForest,2.228571,nan,nan
46,RandomForest,1.685714,nan,nan
47,RandomForest,1.957143,nan,nan
48,RandomForest,1.842857,nan,nan
49,RandomForest,2.314286,nan,nan
50,RandomForest,1.871429,nan,nan
51,RandomForest,1.585714,nan,nan
52,RandomForest,1.514286,nan,nan
53,RandomForest,1.857143,nan,nan
54,RandomForest,1.314286,nan,nan
55,RandomForest,1.471429,nan,nan
56,RandomForest,1.128571,nan,nan
57,RandomForest,1.171429,nan,nan
58,RandomForest,1.557143,nan,nan
59,RandomForest,1.642857,nan,nan
60,RandomForest,2.757143,nan,nan
61,RandomForest,2.928571,nan,nan
62,RandomForest,2.814286,nan,nan
63,RandomForest,2.314286,nan,nan
64,RandomForest,2.357143,nan,nan
65,RandomForest,2.385714,nan,nan
66,RandomForest,3.014286,nan,nan
67,RandomForest,2.085714,nan,nan
68,RandomForest,1.714286,nan,nan
69,RandomForest,2.071429,nan,nan
70,RandomForest,2.000000,nan,nan
71,RandomForest,1.800000,nan,nan
72,RandomForest,1.400000,nan,nan
73,RandomForest,1.414286,nan,nan
74,RandomForest,2.071429,nan,nan
75,RandomForest,1.500000,nan,nan
76,RandomForest,1.114286,nan,nan
77,RandomForest,1.471429,nan,nan
78,RandomForest,2.000000,nan,nan
79,RandomForest,1.757143,nan,nan
80,RandomForest,1.857143,nan,nan
81,RandomForest,1.985714,nan,nan
82,RandomForest,1.857143,nan,nan
83,RandomForest,1.900000,nan,nan
84,RandomForest,1.728571,nan,nan
85,RandomForest,1.471429,nan,nan
86,RandomForest,1.728571,nan,nan
87,RandomForest,1.842857,nan,nan
88,RandomForest,1.371429,nan,nan
89,RandomForest,1.657143,nan,nan
90,RandomForest,1.500000,nan,nan
91,RandomForest,1.500000,nan,nan
92,RandomForest,1.228571,nan,nan
93,RandomForest,1.842857,nan,nan
94,RandomForest,1.342857,nan,nan
95,RandomForest,1.628571,nan,nan
96,RandomForest,1.542857,nan,nan
97,RandomForest,1.685714,nan,nan
98,RandomForest,1.042857,nan,nan
99,RandomForest,1.457143,nan,nan
100,RandomForest,1.042857,nan,nan
101,RandomForest,1.071429,nan,nan
102,RandomForest,0.828571,nan,nan
103,RandomForest,1.028571,nan,nan
104,RandomForest,0.885714,nan,nan
105,RandomForest,1.057143,nan,nan
106,RandomForest,0.814286,nan,nan
107,RandomForest,0.842857,nan,nan
108,RandomForest,0.857143,nan,nan
109,RandomForest,1.071429,nan,nan
110,RandomForest,1.357143,nan,nan
111,RandomForest,1.742857,nan,nan
112,RandomForest,2.942857,nan,nan
113,RandomForest,3.428571,nan,nan
114,RandomForest,3.028571,nan,nan
115,RandomForest,2.900000,nan,nan
116,RandomForest,2.057143,nan,nan
117,RandomForest,2.100000,nan,nan
118,RandomForest,1.800000,nan,nan
119,RandomForest,1.700000,nan,nan
120,RandomForest,1.957143,1.976990,-0.019847
121,RandomForest,1.314286,1.835206,-0.520920
122,RandomForest,1.371429,1.631324,-0.259895
123,RandomForest,1.885714,1.526563,0.359151
124,RandomForest,1.942857,1.681613,0.261244
125,RandomForest,1.714286,1.738074,-0.023788
126,RandomForest,2.300000,1.634934,0.665066
127,RandomForest,3.342857,1.863206,1.479651
128,RandomForest,3.742857,3.109958,0.632899
129,RandomForest,3.528571,3.468835,0.059736
130,RandomForest,3.828571,3.282548,0.546023
131,RandomForest,4.714286,3.839485,0.874800
132,RandomForest,4.214286,4.742829,-0.528543
133,RandomForest,4.028571,4.785521,-0.756950
134,RandomForest,3.314286,4.511688,-1.197402
135,RandomForest,3.142857,3.367678,-0.224821
136,RandomForest,2.785714,3.142442,-0.356728
137,RandomForest,1.871429,2.492684,-0.621256
138,RandomForest,2.028571,1.855433,0.173138
139,RandomForest,1.857143,1.844000,0.013143
140,RandomForest,1.700000,1.875521,-0.175521
141,RandomForest,1.814286,1.731395,0.082891
142,RandomForest,1.671429,1.707402,-0.035974
143,RandomForest,1.657143,1.670853,-0.013710
144,RandomForest,1.614286,1.642090,-0.027804
145,RandomForest,1.957143,1.615251,0.341892
146,RandomForest,2.300000,1.744747,0.555253
147,RandomForest,2.614286,2.407371,0.206914
148,RandomForest,3.285714,2.639164,0.646551
149,RandomForest,3.585714,3.212102,0.373612
150,RandomForest,3.742857,3.508682,0.234175
151,RandomForest,3.428571,3.715988,-0.287417
152,RandomForest,4.214286,3.469464,0.744822
153,RandomForest,4.200000,4.231287,-0.031287
154,RandomForest,4.471429,4.220849,0.250580
155,RandomForest,5.085714,4.510895,0.574819
156,RandomForest,5.600000,5.045202,0.554798
157,RandomForest,5.028571,5.761152,-0.732581
158,RandomForest,4.700000,5.397037,-0.697037
159,RandomForest,6.114286,4.992481,1.121805
160,RandomForest,6.371429,5.933919,0.437510
161,RandomForest,6.442857,6.311474,0.131383
162,RandomForest,7.885714,6.510474,1.375240
163,RandomForest,9.942857,8.856869,1.085988
164,RandomForest,11.257143,10.716324,0.540819
165,RandomForest,14.885714,11.574679,3.311036
166,RandomForest,16.485714,14.333995,2.151719
167,RandomForest,18.071429,16.475812,1.595617
168,RandomForest,20.657143,17.966926,2.690216
169,RandomForest,37.214286,26.485313,10.728973
170,RandomForest,49.714286,41.799623,7.914663
171,RandomForest,60.900000,48.103649,12.796351
172,RandomForest,66.928571,51.677649,15.250923
173,RandomForest,58.571429,54.907451,3.663978
174,RandomForest,43.428571,50.717348,-7.288777
175,RandomForest,29.885714,40.874699,-10.988985
176,RandomForest,25.457143,29.931990,-4.474847
177,RandomForest,18.300000,27.010249,-8.710249
178,RandomForest,15.200000,15.985938,-0.785938
179,RandomForest,14.600000,14.713649,-0.113649
180,RandomForest,11.271429,14.573825,-3.302397
181,RandomForest,11.400000,12.590526,-1.190526
182,RandomForest,11.700000,12.180574,-0.480574
183,RandomForest,11.500000,12.681364,-1.181364
184,RandomForest,12.557143,13.064339,-0.507196
185,RandomForest,14.400000,14.533775,-0.133775
186,RandomForest,16.085714,16.808365,-0.722651
187,RandomForest,19.085714,16.921936,2.163778
188,RandomForest,20.857143,21.794098,-0.936955
189,RandomForest,23.542857,39.631808,-16.088951
190,RandomForest,26.314286,30.235158,-3.920872
191,RandomForest,25.257143,26.765206,-1.508063
192,RandomForest,27.671429,25.663632,2.007796
193,RandomForest,27.714286,26.241649,1.472637
194,RandomForest,23.857143,25.777064,-1.919921
195,RandomForest,19.514286,24.693393,-5.179107
196,RandomForest,17.685714,20.703025,-3.017311
197,RandomForest,16.257143,16.440727,-0.183584
198,RandomForest,16.500000,15.688646,0.811354
199,RandomForest,17.085714,16.252385,0.833329
200,RandomForest,17.614286,16.490988,1.123298
201,RandomForest,18.300000,17.032406,1.267594
202,RandomForest,16.585714,17.741501,-1.155787
203,RandomForest,15.428571,18.018170,-2.589599
204,RandomForest,12.457143,17.267280,-4.810137
205,RandomForest,11.714286,13.538455,-1.824169
206,RandomForest,10.771429,12.306410,-1.534981
207,RandomForest,9.985714,11.650505,-1.664791
208,RandomForest,10.942857,10.789951,0.152906
209,RandomForest,13.300000,10.855835,2.444165
210,RandomForest,18.028571,13.590991,4.437581
211,RandomForest,20.500000,16.955007,3.544993
212,RandomForest,14.800000,22.580284,-7.780284
213,RandomForest,17.042857,16.322216,0.720641
214,RandomForest,20.828571,16.953678,3.874893
215,RandomForest,34.314286,26.790808,7.523478
216,RandomForest,41.142857,39.989931,1.152926
217,RandomForest,35.214286,41.434935,-6.220649
218,RandomForest,40.042857,38.181257,1.861600
219,RandomForest,50.014286,38.875979,11.138306
220,RandomForest,51.728571,44.605514,7.123057
221,RandomForest,64.100000,47.515497,16.584503
222,RandomForest,57.971429,52.434281,5.537147
223,RandomForest,45.371429,55.949685,-10.578256
224,RandomForest,54.457143,46.617575,7.839568
225,RandomForest,56.742857,52.642179,4.100678
226,RandomForest,49.657143,49.094997,0.562146
227,RandomForest,39.228571,43.882712,-4.654141
228,RandomForest,32.328571,35.308811,-2.980240
229,RandomForest,29.514286,28.719660,0.794626
230,RandomForest,28.842857,22.729862,6.112995
231,RandomForest,24.542857,25.752402,-1.209545
232,RandomForest,18.685714,23.815101,-5.129387
233,RandomForest,15.200000,14.577377,0.622623
234,RandomForest,14.242857,13.903972,0.338885
235,RandomForest,16.700000,14.091581,2.608419
236,RandomForest,14.628571,15.727363,-1.098792
237,RandomForest,15.100000,15.682563,-0.582563
238,RandomForest,14.914286,16.607699,-1.693414
239,RandomForest,13.414286,17.538825,-4.124539
240,RandomForest,11.285714,16.637237,-5.351522
241,RandomForest,10.400000,11.970935,-1.570935
242,RandomForest,9.071429,11.123988,-2.052560
243,RandomForest,8.742857,8.501814,0.241043
244,RandomForest,7.814286,8.847334,-1.033048
245,RandomForest,8.457143,8.384473,0.072670
246,RandomForest,8.257143,8.592370,-0.335228
247,RandomForest,7.542857,8.610207,-1.067349
248,RandomForest,6.957143,8.233439,-1.276296
249,RandomForest,6.600000,7.633011,-1.033011
250,RandomForest,6.528571,7.285200,-0.756628
251,RandomForest,6.728571,6.895328,-0.166757
252,RandomForest,7.157143,6.900952,0.256191
253,RandomForest,6.671429,6.785449,-0.114021
254,RandomForest,7.700000,6.565557,1.134443
255,RandomForest,8.585714,7.437251,1.148463
256,RandomForest,9.542857,7.979360,1.563497
257,RandomForest,9.514286,11.883409,-2.369123
258,RandomForest,9.742857,10.213188,-0.470331
259,RandomForest,7.871429,10.149713,-2.278284
260,RandomForest,7.685714,8.525124,-0.839409
261,RandomForest,5.300000,8.127672,-2.827672
262,RandomForest,6.185714,5.460165,0.725550
263,RandomForest,4.585714,6.074758,-1.489043
264,RandomForest,3.685714,5.609021,-1.923307
265,RandomForest,4.057143,3.732902,0.324240
266,RandomForest,4.142857,4.306608,-0.163751
267,RandomForest,4.114286,4.365858,-0.251572
268,RandomForest,3.885714,4.194837,-0.309123
269,RandomForest,4.042857,3.917502,0.125355
270,RandomForest,4.828571,3.974254,0.854318
271,RandomForest,4.842857,5.127891,-0.285034
272,RandomForest,6.028571,5.107260,0.921312
273,RandomForest,7.642857,5.839630,1.803227
274,RandomForest,15.128571,7.829991,7.298581
275,RandomForest,33.657143,17.917503,15.739640
276,RandomForest,75.942857,45.637654,30.305203
277,RandomForest,100.700000,60.659958,40.040042
278,RandomForest,90.971429,56.794633,34.176795
279,RandomForest,63.000000,64.906012,-1.906012
280,RandomForest,40.514286,61.165213,-20.650928
281,RandomForest,31.071429,41.596346,-10.524917
282,RandomForest,16.228571,31.536359,-15.307787
283,RandomForest,14.171429,14.559710,-0.388281
284,RandomForest,11.257143,13.823317,-2.566174
285,RandomForest,10.657143,10.999104,-0.341961
286,RandomForest,10.128571,10.671387,-0.542815
287,RandomForest,13.571429,10.868842,2.702587
288,RandomForest,15.985714,14.841300,1.144414
289,RandomForest,19.300000,16.169414,3.130586
290,RandomForest,21.814286,19.012411,2.801875
291,RandomForest,27.828571,24.333098,3.495473
292,RandomForest,26.900000,26.116885,0.783115
293,RandomForest,21.371429,25.497719,-4.126290
294,RandomForest,16.314286,24.790527,-8.476242
295,RandomForest,14.800000,17.268251,-2.468251
296,RandomForest,12.242857,15.496542,-3.253685
297,RandomForest,9.000000,11.200431,-2.200431
298,RandomForest,7.814286,7.999065,-0.184780
299,RandomForest,7.742857,7.695437,0.047420
300,RandomForest,6.442857,7.453929,-1.011072
301,RandomForest,6.457143,6.689539,-0.232396
302,RandomForest,5.228571,6.743291,-1.514720
303,RandomForest,5.600000,5.784693,-0.184693
304,RandomForest,5.657143,6.026258,-0.369115
305,RandomForest,5.785714,5.790753,-0.005039
306,RandomForest,5.642857,5.768390,-0.125532
307,RandomForest,6.371429,5.543792,0.827637
308,RandomForest,5.500000,6.209528,-0.709528
309,RandomForest,6.357143,5.498956,0.858187
310,RandomForest,6.685714,5.872614,0.813100
311,RandomForest,7.342857,nan,nan
312,RandomForest,6.914286,nan,nan
313,RandomForest,7.371429,nan,nan
314,RandomForest,8.257143,nan,nan
315,RandomForest,9.414286,nan,nan
316,RandomForest,14.542857,nan,nan
317,RandomForest,15.342857,nan,nan
318,RandomForest,8.871429,nan,nan
319,RandomForest,16.385714,nan,nan
320,RandomForest,26.457143,nan,nan
321,RandomForest,55.728571,nan,nan
322,RandomForest,72.342857,nan,nan
323,RandomForest,81.600000,nan,nan
324,RandomForest,81.600000,nan,nan
325,RandomForest,69.300000,nan,nan
326,RandomForest,58.628571,nan,nan
327,RandomForest,49.614286,nan,nan
328,RandomForest,45.800000,nan,nan
329,RandomForest,44.185714,nan,nan
330,RandomForest,52.885714,nan,nan
331,RandomForest,56.671429,nan,nan
332,RandomForest,60.771429,nan,nan
333,RandomForest,57.485714,nan,nan
334,RandomForest,64.342857,nan,nan
335,RandomForest,60.742857,nan,nan
336,RandomForest,52.557143,nan,nan
0,XGBoost,3.057143,nan,nan
1,XGBoost,3.500000,nan,nan
2,XGBoost,3.500000,nan,nan
3,XGBoost,3.400000,nan,nan
4,XGBoost,3.885714,nan,nan
5,XGBoost,4.400000,nan,nan
6,XGBoost,4.228571,nan,nan
7,XGBoost,5.514286,nan,nan
8,XGBoost,6.814286,nan,nan
9,XGBoost,8.014286,nan,nan
10,XGBoost,10.200000,nan,nan
11,XGBoost,13.871429,nan,nan
12,XGBoost,20.128571,nan,nan
13,XGBoost,30.400000,nan,nan
14,XGBoost,40.242857,nan,nan
15,XGBoost,54.000000,nan,nan
16,XGBoost,54.042857,nan,nan
17,XGBoost,53.342857,nan,nan
18,XGBoost,45.714286,nan,nan
19,XGBoost,40.385714,nan,nan
20,XGBoost,29.628571,nan,nan
21,XGBoost,17.228571,nan,nan
22,XGBoost,12.142857,nan,nan
23,XGBoost,9.000000,nan,nan
24,XGBoost,6.171429,nan,nan
25,XGBoost,3.657143,nan,nan
26,XGBoost,2.942857,nan,nan
27,XGBoost,3.042857,nan,nan
28,XGBoost,3.028571,nan,nan
29,XGBoost,2.600000,nan,nan
30,XGBoost,2.942857,nan,nan
31,XGBoost,2.057143,nan,nan
32,XGBoost,2.371429,nan,nan
33,XGBoost,1.557143,nan,nan
34,XGBoost,2.085714,nan,nan
35,XGBoost,2.057143,nan,nan
36,XGBoost,2.214286,nan,nan
37,XGBoost,2.400000,nan,nan
38,XGBoost,2.228571,nan,nan
39,XGBoost,1.714286,nan,nan
40,XGBoost,1.642857,nan,nan
41,XGBoost,1.457143,nan,nan
42,XGBoost,1.500000,nan,nan
43,XGBoost,1.514286,nan,nan
44,XGBoost,1.485714,nan,nan
45,XGBoost,2.228571,nan,nan
46,XGBoost,1.685714,nan,nan
47,XGBoost,1.957143,nan,nan
48,XGBoost,1.842857,nan,nan
49,XGBoost,2.314286,nan,nan
50,XGBoost,1.871429,nan,nan
51,XGBoost,1.585714,nan,nan
52,XGBoost,1.514286,nan,nan
53,XGBoost,1.857143,nan,nan
54,XGBoost,1.314286,nan,nan
55,XGBoost,1.471429,nan,nan
56,XGBoost,1.128571,nan,nan
57,XGBoost,1.171429,nan,nan
58,XGBoost,1.557143,nan,nan
59,XGBoost,1.642857,nan,nan
60,XGBoost,2.757143,nan,nan
61,XGBoost,2.928571,nan,nan
62,XGBoost,2.814286,nan,nan
63,XGBoost,2.314286,nan,nan
64,XGBoost,2.357143,nan,nan
65,XGBoost,2.385714,nan,nan
66,XGBoost,3.014286,nan,nan
67,XGBoost,2.085714,nan,nan
68,XGBoost,1.714286,nan,nan
69,XGBoost,2.071429,nan,nan
70,XGBoost,2.000000,nan,nan
71,XGBoost,1.800000,nan,nan
72,XGBoost,1.400000,nan,nan
73,XGBoost,1.414286,nan,nan
74,XGBoost,2.071429,nan,nan
75,XGBoost,1.500000,nan,nan
76,XGBoost,1.114286,nan,nan
77,XGBoost,1.471429,nan,nan
78,XGBoost,2.000000,nan,nan
79,XGBoost,1.757143,nan,nan
80,XGBoost,1.857143,nan,nan
81,XGBoost,1.985714,nan,nan
82,XGBoost,1.857143,nan,nan
83,XGBoost,1.900000,nan,nan
84,XGBoost,1.728571,nan,nan
85,XGBoost,1.471429,nan,nan
86,XGBoost,1.728571,nan,nan
87,XGBoost,1.842857,nan,nan
88,XGBoost,1.371429,nan,nan
89,XGBoost,1.657143,nan,nan
90,XGBoost,1.500000,nan,nan
91,XGBoost,1.500000,nan,nan
92,XGBoost,1.228571,nan,nan
93,XGBoost,1.842857,nan,nan
94,XGBoost,1.342857,nan,nan
95,XGBoost,1.628571,nan,nan
96,XGBoost,1.542857,nan,nan
97,XGBoost,1.685714,nan,nan
98,XGBoost,1.042857,nan,nan
99,XGBoost,1.457143,nan,nan
100,XGBoost,1.042857,nan,nan
101,XGBoost,1.071429,nan,nan
102,XGBoost,0.828571,nan,nan
103,XGBoost,1.028571,nan,nan
104,XGBoost,0.885714,nan,nan
105,XGBoost,1.057143,nan,nan
106,XGBoost,0.814286,nan,nan
107,XGBoost,0.842857,nan,nan
108,XGBoost,0.857143,nan,nan
109,XGBoost,1.071429,nan,nan
110,XGBoost,1.357143,nan,nan
111,XGBoost,1.742857,nan,nan
112,XGBoost,2.942857,nan,nan
113,XGBoost,3.428571,nan,nan
114,XGBoost,3.028571,nan,nan
115,XGBoost,2.900000,nan,nan
116,XGBoost,2.057143,nan,nan
117,XGBoost,2.100000,nan,nan
118,XGBoost,1.800000,nan,nan
119,XGBoost,1.700000,nan,nan
120,XGBoost,1.957143,1.941731,0.015412
121,XGBoost,1.314286,2.158418,-0.844132
122,XGBoost,1.371429,1.750234,-0.378805
123,XGBoost,1.885714,1.606538,0.279176
124,XGBoost,1.942857,1.741669,0.201189
125,XGBoost,1.714286,1.718020,-0.003735
126,XGBoost,2.300000,1.682346,0.617654
127,XGBoost,3.342857,1.809095,1.533762
128,XGBoost,3.742857,2.530053,1.212804
129,XGBoost,3.528571,3.355850,0.172722
130,XGBoost,3.828571,3.124218,0.704353
131,XGBoost,4.714286,3.770281,0.944005
132,XGBoost,4.214286,4.642087,-0.427802
133,XGBoost,4.028571,4.686179,-0.657608
134,XGBoost,3.314286,4.108607,-0.794321
135,XGBoost,3.142857,3.737469,-0.594612
136,XGBoost,2.785714,3.475959,-0.690244
137,XGBoost,1.871429,2.835636,-0.964208
138,XGBoost,2.028571,1.996102,0.032469
139,XGBoost,1.857143,1.981929,-0.124786
140,XGBoost,1.700000,1.864529,-0.164529
141,XGBoost,1.814286,1.738366,0.075920
142,XGBoost,1.671429,1.699428,-0.028000
143,XGBoost,1.657143,1.652883,0.004260
144,XGBoost,1.614286,1.601520,0.012766
145,XGBoost,1.957143,1.652179,0.304964
146,XGBoost,2.300000,1.785131,0.514869
147,XGBoost,2.614286,2.229089,0.385196
148,XGBoost,3.285714,2.485672,0.800042
149,XGBoost,3.585714,2.733367,0.852347
150,XGBoost,3.742857,3.297445,0.445412
151,XGBoost,3.428571,3.594018,-0.165446
152,XGBoost,4.214286,3.511952,0.702334
153,XGBoost,4.200000,4.008215,0.191785
154,XGBoost,4.471429,3.876571,0.594857
155,XGBoost,5.085714,4.244739,0.840975
156,XGBoost,5.600000,4.941982,0.658018
157,XGBoost,5.028571,5.649224,-0.620652
158,XGBoost,4.700000,5.329780,-0.629780
159,XGBoost,6.114286,5.038406,1.075879
160,XGBoost,6.371429,6.299132,0.072296
161,XGBoost,6.442857,6.209755,0.233102
162,XGBoost,7.885714,6.139849,1.745866
163,XGBoost,9.942857,7.675263,2.267594
164,XGBoost,11.257143,10.015610,1.241533
165,XGBoost,14.885714,11.340384,3.545330
166,XGBoost,16.485714,16.320341,0.165373
167,XGBoost,18.071429,19.171041,-1.099613
168,XGBoost,20.657143,22.970436,-2.313293
169,XGBoost,37.214286,27.955858,9.258427
170,XGBoost,49.714286,38.901939,10.812346
171,XGBoost,60.900000,48.925697,11.974303
172,XGBoost,66.928571,49.027664,17.900907
173,XGBoost,58.571429,54.508209,4.063219
174,XGBoost,43.428571,45.435673,-2.007101
175,XGBoost,29.885714,38.875832,-8.990117
176,XGBoost,25.457143,24.996445,0.460698
177,XGBoost,18.300000,15.969267,2.330733
178,XGBoost,15.200000,13.218498,1.981502
179,XGBoost,14.600000,12.746838,1.853162
180,XGBoost,11.271429,11.572510,-0.301081
181,XGBoost,11.400000,10.510131,0.889869
182,XGBoost,11.700000,10.189273,1.510727
183,XGBoost,11.500000,11.784473,-0.284473
184,XGBoost,12.557143,11.475414,1.081729
185,XGBoost,14.400000,12.961591,1.438409
186,XGBoost,16.085714,15.633500,0.452214
187,XGBoost,19.085714,18.802376,0.283338
188,XGBoost,20.857143,19.992064,0.865079
189,XGBoost,23.542857,29.545940,-6.003083
190,XGBoost,26.314286,25.780010,0.534275
191,XGBoost,25.257143,26.007051,-0.749909
192,XGBoost,27.671429,24.979950,2.691479
193,XGBoost,27.714286,25.151587,2.562699
194,XGBoost,23.857143,24.477179,-0.620036
195,XGBoost,19.514286,24.852680,-5.338394
196,XGBoost,17.685714,19.488335,-1.802620
197,XGBoost,16.257143,17.658232,-1.401089
198,XGBoost,16.500000,15.748136,0.751864
199,XGBoost,17.085714,15.813725,1.271989
200,XGBoost,17.614286,16.429510,1.184776
201,XGBoost,18.300000,15.869932,2.430068
202,XGBoost,16.585714,17.112024,-0.526310
203,XGBoost,15.428571,18.010376,-2.581805
204,XGBoost,12.457143,17.990458,-5.533315
205,XGBoost,11.714286,13.846635,-2.132349
206,XGBoost,10.771429,11.891936,-1.120508
207,XGBoost,9.985714,11.823243,-1.837529
208,XGBoost,10.942857,10.158523,0.784335
209,XGBoost,13.300000,11.011455,2.288545
210,XGBoost,18.028571,12.701225,5.327346
211,XGBoost,20.500000,15.674614,4.825386
212,XGBoost,14.800000,19.941463,-5.141463
213,XGBoost,17.042857,18.851265,-1.808408
214,XGBoost,20.828571,16.433674,4.394898
215,XGBoost,34.314286,21.770868,12.543417
216,XGBoost,41.142857,36.343597,4.799260
217,XGBoost,35.214286,44.517185,-9.302899
218,XGBoost,40.042857,37.074554,2.968303
219,XGBoost,50.014286,37.812218,12.202068
220,XGBoost,51.728571,45.700153,6.028418
221,XGBoost,64.100000,50.792995,13.307005
222,XGBoost,57.971429,56.913952,1.057477
223,XGBoost,45.371429,54.491428,-9.120000
224,XGBoost,54.457143,47.836426,6.620717
225,XGBoost,56.742857,47.438553,9.304304
226,XGBoost,49.657143,43.427315,6.229828
227,XGBoost,39.228571,36.469112,2.759459
228,XGBoost,32.328571,28.706129,3.622442
229,XGBoost,29.514286,24.348610,5.165676
230,XGBoost,28.842857,18.932417,9.910440
231,XGBoost,24.542857,23.715851,0.827006
232,XGBoost,18.685714,23.433495,-4.747780
233,XGBoost,15.200000,17.680473,-2.480473
234,XGBoost,14.242857,14.563651,-0.320794
235,XGBoost,16.700000,13.558475,3.141525
236,XGBoost,14.628571,16.850853,-2.222282
237,XGBoost,15.100000,16.234497,-1.134497
238,XGBoost,14.914286,17.393276,-2.478991
239,XGBoost,13.414286,18.140308,-4.726023
240,XGBoost,11.285714,16.699133,-5.413419
241,XGBoost,10.400000,13.815051,-3.415051
242,XGBoost,9.071429,12.455561,-3.384132
243,XGBoost,8.742857,11.205830,-2.462972
244,XGBoost,7.814286,10.035417,-2.221131
245,XGBoost,8.457143,9.187056,-0.729913
246,XGBoost,8.257143,8.469243,-0.212100
247,XGBoost,7.542857,8.691945,-1.149088
248,XGBoost,6.957143,8.283318,-1.326175
249,XGBoost,6.600000,8.664312,-2.064312
250,XGBoost,6.528571,7.622578,-1.094006
251,XGBoost,6.728571,7.466591,-0.738020
252,XGBoost,7.157143,7.362988,-0.205845
253,XGBoost,6.671429,7.536564,-0.865135
254,XGBoost,7.700000,7.399705,0.300295
255,XGBoost,8.585714,8.180610,0.405105
256,XGBoost,9.542857,8.758648,0.784209
257,XGBoost,9.514286,9.311008,0.203277
258,XGBoost,9.742857,9.660394,0.082463
259,XGBoost,7.871429,9.829127,-1.957699
260,XGBoost,7.685714,10.004666,-2.318952
261,XGBoost,5.300000,8.300992,-3.000992
262,XGBoost,6.185714,6.614654,-0.428940
263,XGBoost,4.585714,6.359875,-1.774161
264,XGBoost,3.685714,5.909537,-2.223823
265,XGBoost,4.057143,5.085936,-1.028793
266,XGBoost,4.142857,5.924805,-1.781948
267,XGBoost,4.114286,6.114747,-2.000461
268,XGBoost,3.885714,5.808162,-1.922448
269,XGBoost,4.042857,5.716153,-1.673296
270,XGBoost,4.828571,4.428501,0.400071
271,XGBoost,4.842857,5.900377,-1.057520
272,XGBoost,6.028571,6.854816,-0.826245
273,XGBoost,7.642857,7.254915,0.387942
274,XGBoost,15.128571,9.221239,5.907332
275,XGBoost,33.657143,14.815124,18.842019
276,XGBoost,75.942857,34.332104,41.610753
277,XGBoost,100.700000,58.456951,42.243049
278,XGBoost,90.971429,55.917057,35.054372
279,XGBoost,63.000000,60.610130,2.389870
280,XGBoost,40.514286,45.453632,-4.939347
281,XGBoost,31.071429,35.935261,-4.863832
282,XGBoost,16.228571,26.635546,-10.406974
283,XGBoost,14.171429,17.021196,-2.849768
284,XGBoost,11.257143,13.220686,-1.963543
285,XGBoost,10.657143,11.878803,-1.221660
286,XGBoost,10.128571,11.116372,-0.987801
287,XGBoost,13.571429,10.849810,2.721619
288,XGBoost,15.985714,14.051129,1.934585
289,XGBoost,19.300000,15.333619,3.966381
290,XGBoost,21.814286,18.873201,2.941084
291,XGBoost,27.828571,22.102150,5.726421
292,XGBoost,26.900000,25.808186,1.091814
293,XGBoost,21.371429,25.578691,-4.207263
294,XGBoost,16.314286,23.985285,-7.670999
295,XGBoost,14.800000,19.393604,-4.593604
296,XGBoost,12.242857,15.998665,-3.755808
297,XGBoost,9.000000,13.279471,-4.279471
298,XGBoost,7.814286,9.892185,-2.077899
299,XGBoost,7.742857,7.949758,-0.206901
300,XGBoost,6.442857,7.772945,-1.330088
301,XGBoost,6.457143,6.747658,-0.290515
302,XGBoost,5.228571,6.801009,-1.572438
303,XGBoost,5.600000,5.535289,0.064711
304,XGBoost,5.657143,5.655815,0.001328
305,XGBoost,5.785714,5.847766,-0.062052
306,XGBoost,5.642857,5.985660,-0.342803
307,XGBoost,6.371429,5.964658,0.406770
308,XGBoost,5.500000,6.557247,-1.057247
309,XGBoost,6.357143,6.250232,0.106911
310,XGBoost,6.685714,5.775396,0.910318
311,XGBoost,7.342857,nan,nan
312,XGBoost,6.914286,nan,nan
313,XGBoost,7.371429,nan,nan
314,XGBoost,8.257143,nan,nan
315,XGBoost,9.414286,nan,nan
316,XGBoost,14.542857,nan,nan
317,XGBoost,15.342857,nan,nan
318,XGBoost,8.871429,nan,nan
319,XGBoost,16.385714,nan,nan
320,XGBoost,26.457143,nan,nan
321,XGBoost,55.728571,nan,nan
322,XGBoost,72.342857,nan,nan
323,XGBoost,81.600000,nan,nan
324,XGBoost,81.600000,nan,nan
325,XGBoost,69.300000,nan,nan
326,XGBoost,58.628571,nan,nan
327,XGBoost,49.614286,nan,nan
328,XGBoost,45.800000,nan,nan
329,XGBoost,44.185714,nan,nan
330,XGBoost,52.885714,nan,nan
331,XGBoost,56.671429,nan,nan
332,XGBoost,60.771429,nan,nan
333,XGBoost,57.485714,nan,nan
334,XGBoost,64.342857,nan,nan
335,XGBoost,60.742857,nan,nan
336,XGBoost,52.557143,nan,nan
